# meta: {"smoothing_window": 3, "stride": 1, "run_type": "dynamic"}
time,song_bpm,walking_bpm,step_event,instant_bpm
00:00:00.097,200.0,200.0,False,
00:00:02.999,200.0,200.0,False,
00:00:03.101,200.0,200.0,False,
00:00:03.202,200.0,200.0,False,
00:00:03.302,200.0,200.0,False,
00:00:03.403,200.0,200.0,False,
00:00:03.504,200.0,200.0,False,
00:00:03.604,200.0,200.0,False,
00:00:03.705,200.0,200.0,False,
00:00:03.806,200.0,200.0,False,
00:00:03.907,200.0,200.0,False,
00:00:04.008,200.0,200.0,False,
00:00:04.109,200.0,200.0,False,
00:00:04.209,200.0,200.0,False,
00:00:04.310,200.0,200.0,False,
00:00:04.411,200.0,200.0,False,
00:00:04.512,200.0,200.0,False,
00:00:04.613,200.0,200.0,False,
00:00:04.713,200.0,200.0,False,
00:00:04.813,200.0,200.0,False,
00:00:04.913,200.0,200.0,False,
00:00:05.014,200.0,200.0,False,
00:00:05.114,200.0,200.0,False,
00:00:05.214,200.0,200.0,False,
00:00:05.315,200.0,200.0,False,
00:00:05.417,200.0,200.0,False,
00:00:05.517,200.0,200.0,False,
00:00:05.618,200.0,200.0,False,
00:00:05.719,200.0,200.0,False,
00:00:05.820,200.0,200.0,False,
00:00:05.920,200.0,200.0,False,
00:00:06.020,200.0,200.0,False,
00:00:06.121,200.0,200.0,False,
00:00:06.222,200.0,200.0,False,
00:00:06.323,200.0,200.0,False,
00:00:06.423,200.0,200.0,False,
00:00:06.523,200.0,200.0,False,
00:00:06.624,200.0,200.0,False,
00:00:06.724,200.0,200.0,False,
00:00:06.825,200.0,200.0,False,
00:00:06.926,200.0,200.0,False,
00:00:07.028,200.0,200.0,False,
00:00:07.128,200.0,200.0,False,
00:00:07.229,200.0,200.0,False,
00:00:07.329,200.0,200.0,False,
00:00:07.431,200.0,200.0,False,
00:00:07.531,200.0,200.0,False,
00:00:07.631,200.0,200.0,False,
00:00:07.733,200.0,200.0,False,
00:00:07.834,200.0,200.0,False,
00:00:07.935,200.0,200.0,False,
00:00:08.036,200.0,200.0,False,
00:00:08.136,200.0,200.0,False,
00:00:08.237,200.0,200.0,False,
00:00:08.338,200.0,200.0,False,
00:00:08.439,200.0,200.0,False,
00:00:08.540,200.0,200.0,False,
00:00:08.641,200.0,200.0,False,
00:00:08.743,200.0,200.0,False,
00:00:08.843,200.0,200.0,False,
00:00:08.945,200.0,200.0,False,
00:00:09.034,200.0,200.0,True,0.0
00:00:09.045,200.0,200.0,False,
00:00:09.145,200.0,200.0,False,
00:00:09.247,200.0,200.0,False,
00:00:09.347,199.86064195632935,191.65141527251458,False,
00:00:09.448,198.85136365890503,144.928859623157,False,
00:00:09.461,198.7218999862671,140.85,True,140.85
00:00:09.548,197.84652709960938,140.85,False,
00:00:09.649,196.8388271331787,140.85,False,
00:00:09.750,195.82886219024658,140.85,False,
00:00:09.851,194.82494592666626,140.85,False,
00:00:09.899,194.33842182159424,139.05,True,137.3
00:00:09.951,193.81754875183105,139.05,False,
00:00:10.053,192.8007435798645,139.05,False,
00:00:10.154,191.78665399551392,139.05,False,
00:00:10.255,190.77759504318237,139.05,False,
00:00:10.356,189.77458715438843,131.46839089316694,False,
00:00:10.361,189.7224259376526,135.64,True,129.31
00:00:10.456,188.77163171768188,132.55075653720996,False,
00:00:10.556,187.7680230140686,132.55075653720996,False,
00:00:10.658,186.75208568572998,132.55075653720996,False,
00:00:10.759,185.74085474014282,132.55075653720996,False,
00:00:10.860,184.72975492477417,120.30150638463863,False,
00:00:10.860,184.72975492477417,129.03,True,121.46
00:00:10.961,133.92261813333727,129.78797998587942,False,
00:00:11.062,130.10229527642977,129.78797998587942,False,
00:00:11.162,129.88715049893105,129.78797998587942,False,
00:00:11.262,129.88715049893105,129.78797998587942,False,
00:00:11.363,125.5938766673357,119.24308588064046,False,
00:00:11.384,121.75526478200703,121.05,True,113.42
00:00:11.465,120.56379286595728,120.38861697584025,False,
00:00:11.566,120.4854303589186,120.38861697584025,False,
00:00:11.667,120.4854303589186,120.38861697584025,False,
00:00:11.769,120.4854303589186,120.38861697584025,False,
00:00:11.870,120.4854303589186,120.38861697584025,False,
00:00:11.971,109.0396850641168,102.36476213022372,False,
00:00:12.071,92.83604589557362,87.36871340806329,False,
00:00:12.166,80.98340971056952,99.67,True,76.63
00:00:12.172,87.53743047652074,100.36440373584213,False,
00:00:12.274,99.59469014795143,100.36440373584213,False,
00:00:12.375,100.26458322419711,100.36440373584213,False,
00:00:12.476,100.26458322419711,100.36440373584213,False,
00:00:12.576,100.26458322419711,100.36440373584213,False,
00:00:12.677,100.26458322419711,100.36440373584213,False,
00:00:12.778,99.87814155522155,98.04678039954557,False,
00:00:12.879,88.81283323368447,84.09058831077179,False,
00:00:12.980,77.52532258198539,73.68675268882691,False,
00:00:12.989,76.69667743647183,84.51,True,73.35
00:00:13.081,85.21175520138024,85.99690922155514,False,
00:00:13.182,85.89786071101832,85.99690922155514,False,
00:00:13.283,85.89786071101832,85.99690922155514,False,
00:00:13.383,85.89786071101832,85.99690922155514,False,
00:00:13.485,85.89786071101832,85.99690922155514,False,
00:00:13.528,85.89786071101832,84.15,True,111.52
00:00:13.586,87.48818528524082,87.95467698757737,False,
00:00:13.686,87.85607873866294,87.95467698757737,False,
00:00:13.787,87.85607873866294,87.95467698757737,False,
00:00:13.833,87.85607873866294,108.96,True,202.7
00:00:13.888,111.47012160090942,114.76638029287983,False,
00:00:13.988,114.51124835218354,114.76638029287983,False,
00:00:14.088,114.66671442983322,114.76638029287983,False,
00:00:14.189,114.66671442983322,114.76638029287983,False,
00:00:14.290,114.66671442983322,114.76638029287983,False,
00:00:14.390,112.29607870794118,107.79986249702827,False,
00:00:14.467,100.747448400454,121.46,True,92.59
00:00:14.491,115.17130532812111,122.0484698864839,False,
00:00:14.592,121.54294588394326,122.0484698864839,False,
00:00:14.694,121.94995919898174,122.0484698864839,False,
00:00:14.795,121.94995919898174,122.0484698864839,False,
00:00:14.855,121.94995919898174,135.24,True,155.04
00:00:14.895,129.28827070554613,132.5156406936142,False,
00:00:14.996,132.26932717535297,132.5156406936142,False,
00:00:15.097,132.41763883754416,132.5156406936142,False,
00:00:15.197,132.41763883754416,132.5156406936142,False,
00:00:15.222,132.41763883754416,129.12,True,167.13
00:00:15.298,137.62797874993348,138.49591696640107,False,
00:00:15.398,138.39668954905474,138.49591696640107,False,
00:00:15.498,138.39668954905474,138.49591696640107,False,
00:00:15.584,138.39668954905474,161.15,True,161.73
00:00:15.599,148.51531145062265,157.22586625413533,False,
00:00:15.700,156.60893065395132,157.22586625413533,False,
00:00:15.801,157.12847061278,157.22586625413533,False,
00:00:15.901,157.12847061278,157.22586625413533,False,
00:00:15.939,157.12847061278,165.75,True,168.54
00:00:16.002,163.68204374640362,165.19420155256321,False,
00:00:16.103,165.07848510605174,165.19420155256321,False,
00:00:16.204,165.0961810262609,165.19420155256321,False,
00:00:16.263,165.0961810262609,171.43,True,185.76
00:00:16.305,168.22440327882168,169.869832944932,False,
00:00:16.406,169.74437441849065,169.869832944932,False,
00:00:16.507,169.77342945247494,169.869832944932,False,
00:00:16.607,169.77342945247494,169.869832944932,False,
00:00:16.623,169.4557141877701,174.25,True,169.49
00:00:16.708,173.98985753325002,174.56970725858935,False,
00:00:16.808,174.4701920070734,174.56970725858935,False,
00:00:16.909,174.4701920070734,174.56970725858935,False,
00:00:16.911,174.4701920070734,185.19,True,203.39
00:00:17.010,182.55562011152495,183.18971149070723,False,
00:00:17.112,183.09271267846944,183.18971149070723,False,
00:00:17.212,183.09271267846944,183.18971149070723,False,
00:00:17.214,183.09271267846944,189.27,True,198.68
00:00:17.312,188.35231169288684,188.81009645001498,False,
00:00:17.412,188.710620660715,188.81009645001498,False,
00:00:17.513,188.710620660715,188.81009645001498,False,
00:00:17.517,188.710620660715,200.22,True,198.68
00:00:17.614,196.4387460387142,197.08424133790112,False,
00:00:17.715,196.98501404860787,197.08424133790112,False,
00:00:17.815,196.98501404860787,197.08424133790112,False,
00:00:17.833,195.79590653492494,198.24,True,197.37
00:00:17.916,196.38526710790717,196.48228727679296,False,
00:00:18.019,196.38526710790717,196.48228727679296,False,
00:00:18.092,196.38526710790717,205.01,True,220.59
00:00:18.119,201.97826869610816,206.23726397681997,False,
00:00:18.220,205.9126794013638,206.23726397681997,False,
00:00:18.321,206.14020680012374,206.23726397681997,False,
00:00:18.379,206.14020680012374,208.33,True,208.33
00:00:18.422,207.8925179797847,208.7644070343096,False,
00:00:18.523,208.66548144835284,208.7644070343096,False,
00:00:18.623,208.66548144835284,208.7644070343096,False,
00:00:18.653,208.66548144835284,218.45,True,227.27
00:00:18.724,217.46781201128414,218.93677542392106,False,
00:00:18.825,218.82625796529703,218.93677542392106,False,
00:00:18.892,218.83949462796016,225.0,True,241.94
00:00:18.927,222.16765028350775,224.5242934473878,False,
00:00:19.027,224.34436693905403,224.5242934473878,False,
00:00:19.128,224.42660254165014,224.5242934473878,False,
00:00:19.190,217.10233596122862,225.56,True,209.79
00:00:19.230,219.9753343235525,221.55898000638564,False,
00:00:19.331,221.44027216626822,221.55898000638564,False,
00:00:19.420,221.46036589193196,231.96,True,247.93
00:00:19.433,224.39572087023924,230.1296481193064,False,
00:00:19.533,229.69165603566583,230.1296481193064,False,
00:00:19.635,230.03192578338636,230.1296481193064,False,
00:00:19.675,230.03192578338636,230.18,True,236.22
00:00:19.736,229.35439549190517,229.1744721473334,False,
00:00:19.836,229.27403554574911,229.1744721473334,False,
00:00:19.907,229.27403554574911,246.58,True,256.41
00:00:19.937,240.07678202691892,245.27298831202495,False,
00:00:20.038,244.87541284556582,245.27298831202495,False,
00:00:20.105,245.17579397434332,262.39,True,303.03
00:00:20.139,257.5633516697732,262.507245653442,False,
00:00:20.239,262.1214839331237,262.507245653442,False,
00:00:20.302,262.41036121475594,287.08,True,307.69
00:00:20.340,281.018075854082,285.92779366570187,False,
00:00:20.441,285.55529769637434,285.92779366570187,False,
00:00:20.541,274.59045867191656,250.85925327830859,False,
00:00:20.594,235.29523964479876,265.1,True,209.79
00:00:20.642,250.6522437895645,254.08409642426994,False,
00:00:20.744,253.82615030047086,254.08409642426994,False,
00:00:20.763,253.92579634987877,275.23,True,346.82
00:00:20.844,272.23579729283244,273.7133479614846,False,
00:00:20.940,273.5862432983506,281.69,True,333.33
00:00:20.944,275.31360354410765,284.1161025233589,False,
00:00:21.046,283.5136747253152,284.1161025233589,False,
00:00:21.146,284.0181566937912,284.1161025233589,False,
00:00:21.247,223.7337533939688,195.58180670792933,False,
00:00:21.277,203.36436680521354,261.25,True,178.57
00:00:21.348,239.70151332861732,241.98943338599304,False,
00:00:21.417,241.60091045575146,274.39,True,428.57
00:00:21.449,268.3330510415537,274.54386568976633,False,
00:00:21.550,274.07774089429614,274.54386568976633,False,
00:00:21.612,274.4475879869662,269.06,True,310.88
00:00:21.650,272.614430529073,271.52526803176715,False,
00:00:21.751,271.6235486333106,271.52526803176715,False,
00:00:21.759,271.6235486333106,371.9,True,397.35
00:00:21.852,366.26212453344704,367.94730884051967,False,
00:00:21.939,360.7899478667112,357.14,True,375.0
00:00:21.953,360.0310850852797,358.2838448129999,False,
00:00:22.052,358.42405578876094,407.24,True,458.02
00:00:22.056,384.05488950950115,419.55769718667716,False,
00:00:22.157,418.45786374612743,419.55769718667716,False,
00:00:22.259,346.4284061080689,289.8917765124506,False,
00:00:22.275,326.13220350110834,350.88,True,270.27
00:00:22.360,332.75845638659484,333.5023786453939,False,
00:00:22.435,333.3931602552193,351.56,True,377.36
00:00:22.461,330.9723681009575,328.4009471042473,False,
00:00:22.562,328.59891651815593,328.4009471042473,False,
00:00:22.663,300.0952784783907,263.9551170374224,False,
00:00:22.764,210.22884611556648,182.84279449331717,False,
00:00:22.791,192.39807271470949,243.57,True,167.6
00:00:22.864,226.8468871327326,228.9415518869522,False,
00:00:22.964,228.78001548636692,228.9415518869522,False,
00:00:22.985,228.84507777815114,253.16,True,309.28
00:00:23.066,236.14723832985462,237.10735926874446,False,
00:00:23.149,236.9939794239281,251.4,True,365.85
00:00:23.166,244.5968090192126,251.75208416803463,False,
00:00:23.267,251.21539484618896,251.75208416803463,False,
00:00:23.353,251.65433610563878,323.16,True,301.51
00:00:23.367,301.32513871913045,317.93753729995194,False,
00:00:23.468,317.05267497754505,317.93753729995194,False,
00:00:23.569,305.5529821550868,277.7626517766184,False,
00:00:23.670,218.0849467494513,189.35525011907208,False,
00:00:23.701,196.58913800812175,251.05,True,169.49
00:00:23.770,241.3040962215312,243.8980013872938,False,
00:00:23.872,243.70297335497065,243.8980013872938,False,
00:00:23.972,237.56795700181564,221.54028177346146,False,
00:00:24.073,181.08921212381938,161.2163508321925,False,
00:00:24.075,180.03491829133398,194.17,True,160.43
00:00:24.174,178.34998102297317,178.2047307101788,False,
00:00:24.275,178.30065404314996,178.2047307101788,False,
00:00:24.375,178.30065404314996,178.2047307101788,False,
00:00:24.418,178.0015483758206,168.07,True,174.93
00:00:24.476,170.78712839717878,168.68566543851955,False,
00:00:24.576,168.84869453391855,168.68566543851955,False,
00:00:24.677,168.78487892458506,168.68566543851955,False,
00:00:24.688,168.78487892458506,182.37,True,222.22
00:00:24.777,178.45918746270405,179.38849158788094,False,
00:00:24.878,179.28864033450284,179.38849158788094,False,
00:00:24.979,179.28864033450284,179.38849158788094,False,
00:00:25.080,166.19026287439416,153.23589639607547,False,
00:00:25.181,132.74947936188468,121.70826085000994,False,
00:00:25.282,108.70377897839579,101.09683968731508,False,
00:00:25.304,104.51156081939088,146.58,True,97.56
00:00:25.382,150.212345379985,152.28196285606273,False,
00:00:25.482,152.12130710193185,152.28196285606273,False,
00:00:25.584,152.18349749268955,152.28196285606273,False,
00:00:25.684,152.18349749268955,152.28196285606273,False,
00:00:25.784,134.95272609931556,124.86528486611843,False,
00:00:25.885,111.17794337598724,103.3242678648851,False,
00:00:25.986,93.65229186184888,88.02018259611339,False,
00:00:26.072,82.46689761419398,108.89,True,78.12
00:00:26.086,97.28091311887113,108.0680076857073,False,
00:00:26.186,107.35962449312414,108.0680076857073,False,
00:00:26.288,107.97139554244434,108.0680076857073,False,
00:00:26.389,107.97139554244434,108.0680076857073,False,
00:00:26.489,107.97139554244434,108.0680076857073,False,
00:00:26.590,107.97139554244434,108.0680076857073,False,
00:00:26.690,102.30244154993244,97.11817194582709,False,
00:00:26.748,94.1817983254207,87.38,True,88.63
00:00:26.791,91.82243128036502,90.68648407890738,False,
00:00:26.892,90.78397516032824,90.68648407890738,False,
00:00:26.994,90.78397516032824,90.68648407890738,False,
00:00:27.095,90.78397516032824,90.68648407890738,False,
00:00:27.195,90.78397516032824,90.68648407890738,False,
00:00:27.296,90.78397516032824,90.68648407890738,False,
00:00:27.397,90.78397516032824,90.68648407890738,False,
00:00:27.497,84.09974613613439,80.11113643627418,False,
00:00:27.598,74.06398194945115,70.57686035381785,False,
00:00:27.638,70.56795154685462,77.09,True,67.42
00:00:27.699,77.65486410614439,79.32782438780262,False,
00:00:27.801,79.20288080622045,79.32782438780262,False,
00:00:27.901,79.23117641216956,79.32782438780262,False,
00:00:28.003,79.23117641216956,79.32782438780262,False,
00:00:28.103,79.23117641216956,79.32782438780262,False,
00:00:28.204,79.23117641216956,79.32782438780262,False,
00:00:28.304,79.23117641216956,79.32782438780262,False,
00:00:28.358,79.23117641216956,79.05,True,84.51
00:00:28.405,79.23117641216956,79.31677697021169,False,
00:00:28.506,79.23117641216956,79.31677697021169,False,
00:00:28.607,79.23117641216956,79.31677697021169,False,
00:00:28.708,79.23117641216956,79.31677697021169,False,
00:00:28.808,79.23117641216956,79.31677697021169,False,
00:00:28.908,79.23117641216956,79.31677697021169,False,
00:00:29.009,79.23117641216956,79.31677697021169,False,
00:00:29.110,79.23117641216956,79.31677697021169,False,
00:00:29.211,73.48555266736109,70.37241771184857,False,
00:00:29.311,65.6968434297661,62.954032178175716,False,
00:00:29.412,59.1698839264155,56.92847402753108,False,
00:00:29.513,53.77658535799386,51.923829936403905,False,
00:00:29.600,49.911519525464094,63.49,True,48.58
00:00:29.614,57.5585539015677,65.86520703623526,False,
00:00:29.715,65.2818973964087,65.86520703623526,False,
00:00:29.816,65.76652667250255,65.86520703623526,False,
00:00:29.917,65.76652667250255,65.86520703623526,False,
00:00:30.018,65.76652667250255,65.86520703623526,False,
00:00:30.119,65.76652667250255,65.86520703623526,False,
00:00:30.219,65.76652667250255,65.86520703623526,False,
00:00:30.226,65.76652667250255,69.58,True,93.46
00:00:30.320,71.89769999050841,72.48427446648164,False,
00:00:30.422,72.38617027389377,72.48427446648164,False,
00:00:30.523,72.38617027389377,72.48427446648164,False,
00:00:30.623,72.38617027389377,72.48427446648164,False,
00:00:30.725,72.38617027389377,72.48427446648164,False,
00:00:30.737,72.38617027389377,75.41,True,117.65
00:00:30.825,82.53363704728034,83.53205760507151,False,
00:00:30.926,83.43311609746648,83.53205760507151,False,
00:00:31.028,83.43311609746648,83.53205760507151,False,
00:00:31.129,83.43311609746648,83.53205760507151,False,
00:00:31.230,83.43311609746648,83.53205760507151,False,
00:00:31.298,83.43311609746648,104.96,True,106.57
00:00:31.330,101.10611378439803,106.83390448910077,False,
00:00:31.431,106.39923539541778,106.83390448910077,False,
00:00:31.532,106.73622577093653,106.83390448910077,False,
00:00:31.633,106.73622577093653,106.83390448910077,False,
00:00:31.734,106.73622577093653,106.83390448910077,False,
00:00:31.818,106.73622577093653,112.99,True,115.38
00:00:31.835,108.62640269740739,112.10989494608233,False,
00:00:31.936,111.84635089345636,112.10989494608233,False,
00:00:32.037,112.0129977773441,112.10989494608233,False,
00:00:32.137,112.0129977773441,112.10989494608233,False,
00:00:32.238,112.0129977773441,112.10989494608233,False,
00:00:32.301,112.0129977773441,114.94,True,124.22
00:00:32.339,114.62445473573216,116.18016449777618,False,
00:00:32.441,116.0634741804434,116.18016449777618,False,
00:00:32.541,116.08121067378667,116.18016449777618,False,
00:00:32.641,116.08121067378667,116.18016449777618,False,
00:00:32.714,116.08121067378667,127.21,True,145.63
00:00:32.742,123.6095232124718,128.3938005714466,False,
00:00:32.843,128.0255689431046,128.3938005714466,False,
00:00:32.943,128.29514466746346,128.3938005714466,False,
00:00:33.044,128.29514466746346,128.3938005714466,False,
00:00:33.095,128.29514466746346,140.96,True,157.07
00:00:33.144,140.07326690389357,143.10660673580378,False,
00:00:33.246,142.87868236073217,143.10660673580378,False,
00:00:33.347,143.01041512041158,143.10660673580378,False,
00:00:33.448,143.01041512041158,143.10660673580378,False,
00:00:33.493,143.01041512041158,151.01,True,150.75
00:00:33.549,148.59328427455821,150.24750603766995,False,
00:00:33.649,150.1198494284231,150.24750603766995,False,
00:00:33.750,150.14779545311006,150.24750603766995,False,
00:00:33.851,150.14779545311006,150.24750603766995,False,
00:00:33.907,149.27003696158013,150.88,True,145.28
00:00:33.951,149.32300224258108,149.42108936059034,False,
00:00:34.053,149.32300224258108,149.42108936059034,False,
00:00:34.154,149.32300224258108,149.42108936059034,False,
00:00:34.255,149.32300224258108,149.42108936059034,False,
00:00:34.301,149.32300224258108,149.38,True,152.28
00:00:34.356,149.32300224258108,149.22838190938043,False,
00:00:34.458,149.32300224258108,149.22838190938043,False,
00:00:34.558,149.32300224258108,149.22838190938043,False,
00:00:34.633,149.32300224258108,157.89,True,180.18
00:00:34.658,154.63649452029415,159.1966401595219,False,
00:00:34.759,158.8494136030493,159.1966401595219,False,
00:00:34.860,159.10020071501663,159.1966401595219,False,
00:00:34.912,159.10020071501663,178.93,True,215.05
00:00:34.961,176.8794565728157,180.46477602524254,False,
00:00:35.062,180.1920933611733,180.46477602524254,False,
00:00:35.162,180.3654057760928,180.46477602524254,False,
00:00:35.180,180.3654057760928,204.78,True,224.72
00:00:35.263,210.1801646661033,211.8032806724159,False,
00:00:35.363,211.67704630851418,211.8032806724159,False,
00:00:35.464,211.67823427853577,211.04549007242318,False,
00:00:35.566,172.93316795587106,155.68074768852745,False,
00:00:35.568,172.07115201282375,193.97,True,157.07
00:00:35.666,191.3843704273642,192.3691335570717,False,
00:00:35.767,192.27181599483714,192.3691335570717,False,
00:00:35.868,192.27181599483714,192.3691335570717,False,
00:00:35.963,166.80076714536352,171.1,True,148.88
00:00:35.968,167.08106762903353,169.4522453588479,False,
00:00:36.069,169.27080459140802,169.4522453588479,False,
00:00:36.170,169.3542893799379,169.4522453588479,False,
00:00:36.217,169.3542893799379,173.58,True,238.1
00:00:36.271,170.49420481020573,170.87043168327915,False,
00:00:36.372,170.7737234148226,170.87043168327915,False,
00:00:36.473,170.7737234148226,170.87043168327915,False,
00:00:36.533,170.7737234148226,185.38,True,189.87
00:00:36.573,179.37875310073485,182.82796221604386,False,
00:00:36.674,182.56612210255474,182.82796221604386,False,
00:00:36.742,182.72873987812105,231.96,True,288.46
00:00:36.774,226.44663916221322,233.35332956389453,False,
00:00:36.876,232.844482886749,233.35332956389453,False,
00:00:36.976,233.25617956338226,233.35332956389453,False,
00:00:37.078,199.67106623959148,178.4689967697212,False,
00:00:37.112,182.5628346746404,201.57,True,162.6
00:00:37.179,196.39229312110305,198.18100857170288,False,
00:00:37.280,198.04408583025213,198.18100857170288,False,
00:00:37.312,198.08402419741265,230.77,True,295.57
00:00:37.381,222.34145151087984,224.55555126181468,False,
00:00:37.482,224.38641310621676,224.55555126181468,False,
00:00:37.583,224.2048533247423,221.0246636653147,False,
00:00:37.624,210.30304966834927,203.62,True,192.31
00:00:37.684,206.8776097524459,205.9228270305343,False,
00:00:37.785,206.02163483820829,205.9228270305343,False,
00:00:37.857,206.02163483820829,240.96,True,258.62
00:00:37.886,236.680766921924,243.44125374442632,False,
00:00:37.987,242.94429536322872,243.44125374442632,False,
00:00:38.088,243.3437231131797,243.44125374442632,False,
00:00:38.188,203.60071366572836,181.02604200760047,False,
00:00:38.223,184.16855117150885,197.8,True,163.93
00:00:38.289,195.6694059440408,197.54555066610095,False,
00:00:38.390,197.4034168032567,197.54555066610095,False,
00:00:38.491,197.44942849382602,197.54555066610095,False,
00:00:38.524,197.44942849382602,200.89,True,201.34
00:00:38.592,193.52119805887213,192.66580111267112,False,
00:00:38.693,192.76564080270984,192.66580111267112,False,
00:00:38.713,192.76564080270984,210.04,True,310.88
00:00:38.794,215.32963390198472,216.8583914033582,False,
00:00:38.895,216.74165646896319,216.8583914033582,False,
00:00:38.922,216.76085409077095,259.37,True,295.57
00:00:38.996,263.1112290115779,265.41022197531066,False,
00:00:39.097,265.2340340070568,265.41022197531066,False,
00:00:39.125,265.31363047644,302.01,True,300.0
00:00:39.198,299.11896527504086,301.02031609677704,False,
00:00:39.298,300.87317436406556,301.02031609677704,False,
00:00:39.339,297.57894265670154,288.46,True,271.49
00:00:39.398,290.43752349430474,288.53586735467695,False,
00:00:39.499,288.68082410453184,288.53586735467695,False,
00:00:39.600,259.7944287550957,229.86665156498762,False,
00:00:39.700,188.36611591331484,166.1717049193534,False,
00:00:39.738,168.12266519040355,218.98,True,149.63
00:00:39.800,205.10561827226945,207.6878339936065,False,
00:00:39.900,207.48725001773616,207.6878339936065,False,
00:00:40.001,207.59091602940154,207.6878339936065,False,
00:00:40.102,182.52655778150285,165.09313860874963,False,
00:00:40.202,142.1663578549742,129.3705082940411,False,
00:00:40.302,114.89238520246467,106.36465419411283,False,
00:00:40.305,114.39837332576592,152.16,True,106.95
00:00:40.404,156.32750666891562,157.4656792876033,False,
00:00:40.505,157.36576862857785,157.4656792876033,False,
00:00:40.599,157.36576862857785,142.74,True,200.67
00:00:40.607,153.7615161765807,137.01584998966155,False,
00:00:40.707,138.32114598862134,137.01584998966155,False,
00:00:40.767,137.29968577069837,175.1,True,357.14
00:00:40.807,168.9918877616529,173.55343285262217,False,
00:00:40.908,173.19942253901402,173.55343285262217,False,
00:00:40.975,173.45671732015862,266.27,True,287.08
00:00:41.009,264.77907057976233,272.8570180362235,False,
00:00:41.109,272.26962149092924,272.8570180362235,False,
00:00:41.117,272.38195967108527,346.82,True,422.54
00:00:41.210,346.3480079395912,347.9242881186813,False,
00:00:41.312,337.69891890803046,308.74182471301384,False,
00:00:41.413,236.3520904896696,202.90421283563967,False,
00:00:41.514,169.9016768362621,151.238013735676,False,
00:00:41.614,132.13438088710285,120.7806112311492,False,
00:00:41.715,107.89151042883907,100.36561159600625,False,
00:00:41.816,91.23311705372527,85.8796618434806,False,
00:00:41.916,79.12609496828945,75.11262495478168,False,
00:00:42.017,69.78328498176774,66.65850138901544,False,
00:00:42.118,62.466203248846504,59.964201364465566,False,
00:00:42.219,56.512387772993435,54.467696075662275,False,
00:00:42.320,51.590777801762606,49.88636232984381,False,
00:00:42.420,47.49506101142534,46.04933604393071,False,
00:00:42.521,43.96900072637231,42.732392759045084,False,
00:00:42.621,40.95793621167591,39.887105673039784,False,
00:00:42.722,38.31945705691703,37.380534002026636,False,
00:00:42.824,35.98712610788009,35.157958354166865,False,
00:00:42.925,33.93665945929744,33.1984779197445,False,
00:00:43.026,32.08916612411516,31.432338439448298,False,
00:00:43.128,30.43551557436729,29.84414077244994,False,
00:00:43.206,29.269392500078478,73.8,True,28.74
00:00:43.228,71.75795432568216,81.89413931937412,False,
00:00:43.329,81.217815008536,81.89413931937412,False,
00:00:43.430,81.79695500354103,81.89413931937412,False,
00:00:43.531,81.79695500354103,81.89413931937412,False,
00:00:43.632,81.79695500354103,81.89413931937412,False,
00:00:43.733,81.79695500354103,81.89413931937412,False,
00:00:43.834,81.79695500354103,81.89413931937412,False,
00:00:43.891,81.79695500354103,61.75,True,87.59
00:00:43.936,72.77725944881009,68.62388820491451,False,
00:00:44.036,68.94689687649534,68.62388820491451,False,
00:00:44.136,68.72230085245953,68.62388820491451,False,
00:00:44.236,68.72230085245953,68.62388820491451,False,
00:00:44.325,68.72230085245953,56.11,True,137.93
00:00:44.336,68.49076883228884,67.76411931497746,False,
00:00:44.437,67.86169318731531,67.76411931497746,False,
00:00:44.538,67.86169318731531,67.76411931497746,False,
00:00:44.567,67.86169318731531,132.16,True,247.93
00:00:44.638,129.07564613135688,131.72532136708122,False,
00:00:44.738,131.5188236278994,131.72532136708122,False,
00:00:44.839,131.62812349627188,131.72532136708122,False,
00:00:44.848,131.62812349627188,187.89,True,213.52
00:00:44.940,192.0509801364576,193.63816288057384,False,
00:00:45.040,193.51618690536046,193.63816288057384,False,
00:00:45.140,193.54039882713062,193.63816288057384,False,
00:00:45.173,191.8186691968915,216.09,True,193.55
00:00:45.242,208.94294627265495,210.98532798912203,False,
00:00:45.312,210.64474932513522,241.61,True,389.61
00:00:45.343,240.37272000400844,246.87179591691506,False,
00:00:45.444,246.38759226746427,246.87179591691506,False,
00:00:45.544,246.7742236180623,246.87179591691506,False,
00:00:45.575,242.36382315642817,248.28,True,229.89
00:00:45.645,244.65354577636467,245.10976392513757,False,
00:00:45.746,245.01380755686608,245.10976392513757,False,
00:00:45.799,245.01380755686608,280.81,True,265.49
00:00:45.847,264.31535488852256,267.795164092627,False,
00:00:45.948,267.5279820696661,267.795164092627,False,
00:00:46.049,259.13683164976834,239.09749233753968,False,
00:00:46.150,193.2622128059397,170.69931179872452,False,
00:00:46.251,146.51438858089685,132.70713156849789,False,
00:00:46.259,143.64578397617575,190.27,True,130.72
00:00:46.352,177.9464975240289,179.25713551422615,False,
00:00:46.453,179.15764798774717,179.25713551422615,False,
00:00:46.539,179.15764798774717,186.92,True,215.83
00:00:46.553,181.30268512016286,185.51878113369006,False,
00:00:46.654,185.19668318439304,185.51878113369006,False,
00:00:46.754,185.42277913839098,185.51878113369006,False,
00:00:46.796,185.42277913839098,180.9,True,232.56
00:00:46.855,183.82943891055865,183.3858174291656,False,
00:00:46.956,183.48402530850976,183.3858174291656,False,
00:00:47.057,183.48402530850976,183.3858174291656,False,
00:00:47.158,176.92663801523548,165.5225975508851,False,
00:00:47.260,141.4816742406783,129.17633725084386,False,
00:00:47.361,114.63234541252935,106.175727415983,False,
00:00:47.433,100.72163839755893,153.45,True,94.19
00:00:47.462,148.95863187865717,156.6971825927214,False,
00:00:47.563,156.13915534815888,156.6971825927214,False,
00:00:47.625,156.58144297573264,165.44,True,310.88
00:00:47.664,169.37503353155722,173.53548604935702,False,
00:00:47.764,173.21040589392342,173.53548604935702,False,
00:00:47.865,173.43804117692954,173.53548604935702,False,
00:00:47.962,173.43804117692954,154.24,True,178.04
00:00:47.966,172.6095003301899,165.36051851403553,False,
00:00:48.067,165.92523001279733,165.36051851403553,False,
00:00:48.142,165.46016247298914,257.88,True,357.14
00:00:48.167,243.90843261125494,255.1729432717534,False,
00:00:48.268,254.45879674618305,255.1729432717534,False,
00:00:48.288,254.73942892640537,271.08,True,377.36
00:00:48.369,281.2978685722155,282.8639699071733,False,
00:00:48.471,282.7457506634036,282.8639699071733,False,
00:00:48.572,240.40899879371864,211.13171788390275,False,
00:00:48.673,175.14970004873868,155.69037900225314,False,
00:00:48.775,135.0852359923965,123.24932671780624,False,
00:00:48.875,109.94095150537576,102.12959096337943,False,
00:00:48.977,92.67086155826495,87.1400642803571,False,
00:00:49.077,80.13835157198234,76.00428376500179,False,
00:00:49.163,71.86423815670234,149.75,True,68.57
00:00:49.178,133.30706719030732,150.88141843187088,False,
00:00:49.279,149.97721136601027,150.88141843187088,False,
00:00:49.381,150.78475509067778,150.88141843187088,False,
00:00:49.481,150.78475509067778,150.88141843187088,False,
00:00:49.483,150.78475509067778,132.94,True,187.5
00:00:49.581,136.42060523381397,135.13478427183398,False,
00:00:49.681,135.23371768176798,135.13478427183398,False,
00:00:49.782,135.23371768176798,135.13478427183398,False,
00:00:49.785,135.23371768176798,120.24,True,198.68
00:00:49.882,138.7246606472092,139.05061870887988,False,
00:00:49.983,138.95117306674481,139.05061870887988,False,
00:00:50.084,138.95117306674481,139.05061870887988,False,
00:00:50.184,138.95117306674481,139.05061870887988,False,
00:00:50.215,138.95117306674481,171.1,True,139.53
00:00:50.285,165.31909524960543,167.57640490290132,False,
00:00:50.386,167.4050713884455,167.57640490290132,False,
00:00:50.487,167.47800226893727,167.57640490290132,False,
00:00:50.588,166.29852753237745,160.99584488863727,False,
00:00:50.634,154.63079350658214,160.57,True,154.24
00:00:50.688,160.02018985401767,161.7552293301788,False,
00:00:50.789,161.6224174949403,161.7552293301788,False,
00:00:50.811,161.6558353162477,175.61,True,291.26
00:00:50.889,172.20856479487708,173.48919314564344,False,
00:00:50.991,173.3920944780571,173.48919314564344,False,
00:00:51.091,173.3920944780571,173.48919314564344,False,
00:00:51.191,167.83834647741767,157.78806743690723,False,
00:00:51.247,150.2646753976983,174.59,True,137.61
00:00:51.291,167.11752203475882,171.09088532059891,False,
00:00:51.392,170.78745011677503,171.09088532059891,False,
00:00:51.493,170.99462879276612,171.09088532059891,False,
00:00:51.595,170.99462879276612,171.09088532059891,False,
00:00:51.598,170.98448449267855,181.27,True,170.94
00:00:51.696,175.00220845841244,175.36693355358423,False,
00:00:51.796,175.26906202850193,175.36693355358423,False,
00:00:51.897,175.26906202850193,175.36693355358423,False,
00:00:51.998,162.668539390304,150.24435325998377,False,
00:00:51.999,162.1364480139567,151.52,True,149.63
00:00:52.098,160.14410793926567,159.96807714828273,False,
00:00:52.198,160.0645018439847,159.96807714828273,False,
00:00:52.299,160.0645018439847,159.96807714828273,False,
00:00:52.316,160.0645018439847,168.38,True,189.27
00:00:52.401,169.20890109616482,170.2243828899849,False,
00:00:52.501,170.12744398954771,170.2243828899849,False,
00:00:52.603,170.12744398954771,170.2243828899849,False,
00:00:52.675,169.8440537911236,166.98,True,166.67
00:00:52.704,170.25619817040655,170.642591464043,False,
00:00:52.804,170.5429933798246,170.642591464043,False,
00:00:52.906,170.5429933798246,170.642591464043,False,
00:00:52.924,170.5429933798246,194.59,True,241.94
00:00:53.006,192.0229056792015,193.58960455665982,False,
00:00:53.107,193.47095723950673,193.58960455665982,False,
00:00:53.209,193.49054995815004,193.58960455665982,False,
00:00:53.279,182.73616134724156,186.92,True,169.01
00:00:53.309,183.76621537427002,184.6605302224695,False,
00:00:53.410,184.56225037451543,184.6605302224695,False,
00:00:53.511,184.56225037451543,184.6605302224695,False,
00:00:53.567,184.56225037451543,201.57,True,206.9
00:00:53.612,194.60773033753324,197.93659467394494,False,
00:00:53.712,197.68053072908143,197.93659467394494,False,
00:00:53.812,197.83802440541325,197.93659467394494,False,
00:00:53.904,191.0309980576643,183.67,True,179.1
00:00:53.913,189.73270679954254,184.62457076138614,False,
00:00:54.013,185.0159475903216,184.62457076138614,False,
00:00:54.114,184.72230417580005,184.62457076138614,False,
00:00:54.201,184.72230417580005,195.23,True,202.02
00:00:54.214,188.40827760213122,194.5512936208733,False,
00:00:54.316,194.0945615406363,194.5512936208733,False,
00:00:54.417,194.45178640941975,194.5512936208733,False,
00:00:54.518,193.76416000559624,189.00327599958544,False,
00:00:54.533,190.60091854280924,186.34,True,179.64
00:00:54.618,186.88802611602907,186.40842979183634,False,
00:00:54.719,186.50571750536113,186.40842979183634,False,
00:00:54.819,186.50571750536113,186.40842979183634,False,
00:00:54.846,186.50571750536113,191.08,True,192.93
00:00:54.920,189.54748696159794,190.09826957939154,False,
00:00:55.020,190.00088117032053,190.09826957939154,False,
00:00:55.122,190.00088117032053,190.09826957939154,False,
00:00:55.143,190.00088117032053,193.13,True,209.06
00:00:55.222,193.90268271225443,194.48912679083955,False,
00:00:55.323,194.39267085909154,194.48912679083955,False,
00:00:55.422,194.39267085909154,202.93,True,207.61
00:00:55.427,195.4018123726511,201.91305985262656,False,
00:00:55.527,201.4175721335275,201.91305985262656,False,
00:00:55.628,201.81506250786217,201.91305985262656,False,
00:00:55.717,201.81506250786217,206.66,True,203.39
00:00:55.729,202.83574714918126,205.6906976134342,False,
00:00:55.830,205.47531579709621,205.6906976134342,False,
00:00:55.930,205.59309022754792,205.6906976134342,False,
00:00:56.009,205.57395020292645,205.25,True,204.78
00:00:56.031,205.67164373415713,205.80489187622408,False,
00:00:56.132,205.7082439544554,205.80489187622408,False,
00:00:56.233,205.7082439544554,205.80489187622408,False,
00:00:56.289,205.7082439544554,207.85,True,215.83
00:00:56.334,207.0251268604336,207.64417705234376,False,
00:00:56.435,207.54648427480953,207.64417705234376,False,
00:00:56.537,207.54648427480953,207.64417705234376,False,
00:00:56.574,207.54648427480953,210.04,True,209.79
00:00:56.637,208.7806105971741,209.085785951665,False,
00:00:56.737,208.9887275083775,209.085785951665,False,
00:00:56.838,208.9887275083775,209.085785951665,False,
00:00:56.867,208.57273431521918,210.04,True,204.78
00:00:56.939,208.08122580327105,207.9837631029584,False,
00:00:57.041,208.08122580327105,207.9837631029584,False,
00:00:57.141,208.08122580327105,207.9837631029584,False,
00:00:57.152,208.08122580327105,208.33,True,210.53
00:00:57.242,208.08122580327105,208.08296200276004,False,
00:00:57.343,208.08122580327105,208.08296200276004,False,
00:00:57.444,207.91237356181816,205.4886411329635,False,
00:00:57.477,199.22600291922873,199.34,True,184.62
00:00:57.544,197.1060462933999,196.6406833303555,False,
00:00:57.645,196.73804178156544,196.6406833303555,False,
00:00:57.735,196.73804178156544,207.85,True,234.37
00:00:57.746,201.03070096931353,208.61962400145416,False,
00:00:57.847,208.06509968831884,208.61962400145416,False,
00:00:57.947,208.52337765084934,208.61962400145416,False,
00:00:58.000,208.52337765084934,212.26,True,224.72
00:00:58.047,214.81433728506,217.17259556318353,False,
00:00:58.149,216.99616107315347,217.17259556318353,False,
00:00:58.249,217.07420106936553,217.17259556318353,False,
00:00:58.350,190.4690322939005,171.63813740695423,False,
00:00:58.450,147.1910104686339,133.44998136056722,False,
00:00:58.491,133.7744538785005,177.51,True,122.2
00:00:58.551,170.05389073175513,173.09959427941754,False,
00:00:58.651,172.8638131887863,173.09959427941754,False,
00:00:58.752,173.0013030999954,173.09959427941754,False,
00:00:58.846,172.5381614114002,162.02,True,169.97
00:00:58.853,170.50743068190164,160.90439533734016,False,
00:00:58.953,161.64683868548678,160.90439533734016,False,
00:00:59.053,161.00379143619614,160.90439533734016,False,
00:00:59.076,161.00379143619614,167.44,True,259.74
00:00:59.154,168.71623585627307,169.783911665416,False,
00:00:59.254,169.68736655657236,169.783911665416,False,
00:00:59.301,169.68736655657236,224.44,True,275.23
00:00:59.355,225.92523364953036,229.9360894444842,False,
00:00:59.456,229.62969228790314,229.9360894444842,False,
00:00:59.557,229.83882340370644,229.9360894444842,False,
00:00:59.658,187.78476769467693,167.78356928271123,False,
00:00:59.695,169.91157642983825,211.52,True,149.25
00:00:59.760,202.92040006040466,205.49769762311928,False,
00:00:59.860,205.30177698994055,205.49769762311928,False,
00:00:59.942,205.40141586559076,207.85,True,243.9
00:00:59.961,204.9724397887672,204.2981621117019,False,
00:01:00.062,204.39605083989403,204.2981621117019,False,
00:01:00.163,204.39605083989403,204.2981621117019,False,
00:01:00.190,204.39605083989403,200.45,True,240.0
00:01:00.264,207.57816290156975,208.14226345149046,False,
00:01:00.365,208.04493657050935,208.14226345149046,False,
00:01:00.466,208.04493657050935,208.14226345149046,False,
00:01:00.547,185.62342694289188,211.02,True,168.07
00:01:00.566,197.73229805345417,205.55457072237496,False,
00:01:00.666,204.9788722285961,205.55457072237496,False,
00:01:00.768,205.4566600014436,205.55457072237496,False,
00:01:00.869,199.0719419237941,186.03565203120772,False,
00:01:00.888,191.73869330571276,190.07,True,176.47
00:01:00.970,188.75707915884587,188.34746220740828,False,
00:01:01.072,188.44368642219803,188.34746220740828,False,
00:01:01.173,188.44368642219803,188.34746220740828,False,
00:01:01.182,188.44368642219803,181.45,True,203.39
00:01:01.273,184.12357814621228,183.65382503763018,False,
00:01:01.374,183.75104928874586,183.65382503763018,False,
00:01:01.476,183.75104928874586,183.65382503763018,False,
00:01:01.577,166.08470605881163,152.13133464352018,False,
00:01:01.595,159.31823975525344,171.92,True,145.63
00:01:01.677,171.69766188908454,172.97676900567336,False,
00:01:01.778,172.878992613586,172.97676900567336,False,
00:01:01.880,172.878992613586,172.97676900567336,False,
00:01:01.909,172.878992613586,176.13,True,190.48
00:01:01.981,175.39461040333998,175.86698708510184,False,
00:01:02.081,175.77104682829307,175.86698708510184,False,
00:01:02.183,175.77104682829307,175.86698708510184,False,
00:01:02.284,170.29758815439777,160.1356128923878,False,
00:01:02.335,153.9290479339494,156.39,True,141.51
00:01:02.385,157.08419314793622,158.28650261113648,False,
00:01:02.485,158.18898753649614,158.28650261113648,False,
00:01:02.585,158.18898753649614,158.28650261113648,False,
00:01:02.687,158.18898753649614,158.28650261113648,False,
00:01:02.787,143.48194271079754,132.72063918993751,False,
00:01:02.808,137.39971837552596,148.15,True,126.05
00:01:02.887,145.1854626422859,146.23699236346272,False,
00:01:02.988,146.13916576382087,146.23699236346272,False,
00:01:03.089,146.13916576382087,146.23699236346272,False,
00:01:03.109,146.13916576382087,150.13,True,200.67
00:01:03.190,151.14960830739693,151.85413623749483,False,
00:01:03.291,151.75600117477438,151.85413623749483,False,
00:01:03.384,151.75600117477438,171.43,True,218.18
00:01:03.392,163.51116159546737,177.9350118045203,False,
00:01:03.493,177.11231084145507,177.9350118045203,False,
00:01:03.593,177.83741972363134,177.9350118045203,False,
00:01:03.683,177.83741972363134,205.95,True,200.0
00:01:03.693,193.57828617505888,206.8587190692445,False,
00:01:03.794,206.05851408121853,206.8587190692445,False,
00:01:03.895,206.76127875717148,206.8587190692445,False,
00:01:03.996,202.90488879068434,191.87352087247177,False,
00:01:04.057,177.56534570868044,190.48,True,162.16
00:01:04.096,186.21011142215593,189.73185547947782,False,
00:01:04.197,189.46044411857974,189.73185547947782,False,
00:01:04.298,189.63274598566866,189.73185547947782,False,
00:01:04.369,189.63274598566866,182.74,True,190.48
00:01:04.398,185.66141098943677,182.0681055881312,False,
00:01:04.499,182.3439775055593,182.0681055881312,False,
00:01:04.599,182.1658053759745,182.0681055881312,False,
00:01:04.664,182.1658053759745,183.67,True,203.39
00:01:04.701,183.62599315595432,184.558994138015,False,
00:01:04.801,184.4605749870673,184.558994138015,False,
00:01:04.898,184.4605749870673,213.27,True,256.41
00:01:04.902,195.71481646945355,215.30017858370243,False,
00:01:05.004,214.3640574531862,215.30017858370243,False,
00:01:05.105,215.20390652111814,215.30017858370243,False,
00:01:05.196,212.11096254390415,217.39,True,200.67
00:01:05.205,211.9740737172022,211.44100666352477,False,
00:01:05.305,211.54024306124458,211.44100666352477,False,
00:01:05.406,211.54024306124458,211.44100666352477,False,
00:01:05.461,211.54024306124458,225.85,True,227.27
00:01:05.507,220.72957716730994,223.79232971681125,False,
00:01:05.608,223.55728917445995,223.79232971681125,False,
00:01:05.708,223.69289532517374,223.79232971681125,False,
00:01:05.753,219.01507033954812,210.28,True,204.78
00:01:05.808,211.28358719045337,208.80966840333917,False,
00:01:05.908,209.00246879845517,208.80966840333917,False,
00:01:05.989,208.90824847658976,226.99,True,254.24
00:01:06.010,220.3776462986779,227.73039545716227,False,
00:01:06.110,227.19138706678748,227.73039545716227,False,
00:01:06.210,227.63254030071587,227.73039545716227,False,
00:01:06.311,206.65938509247007,186.67942558177316,False,
00:01:06.315,204.45140786736357,210.77,True,184.62
00:01:06.411,210.4419582181391,210.9812072698261,False,
00:01:06.512,210.88460182771976,210.9812072698261,False,
00:01:06.604,210.68751915499487,211.76,True,207.61
00:01:06.613,210.33074402165894,208.93521457054044,False,
00:01:06.713,209.04290199842643,208.93521457054044,False,
00:01:06.814,209.0347721098823,208.93521457054044,False,
00:01:06.879,209.0347721098823,203.39,True,221.4
00:01:06.915,208.01234391366953,207.31807043543313,False,
00:01:07.016,207.41741677491405,207.31807043543313,False,
00:01:07.117,207.41741677491405,207.31807043543313,False,
00:01:07.191,203.70425283281074,205.71,True,190.48
00:01:07.218,204.5478213524852,205.3659029885021,False,
00:01:07.319,205.26785804896969,205.3659029885021,False,
00:01:07.417,205.26785804896969,221.4,True,264.32
00:01:07.421,208.9357178344941,222.63154975951682,False,
00:01:07.521,221.81510315871634,222.63154975951682,False,
00:01:07.622,222.53532195330462,222.63154975951682,False,
00:01:07.715,216.15677514373203,214.54,True,202.02
00:01:07.724,215.60864598226325,213.5578899688148,False,
00:01:07.825,213.71432975511576,213.5578899688148,False,
00:01:07.927,213.65488060719136,213.5578899688148,False,
00:01:08.027,206.44967261899572,192.21689513237058,False,
00:01:08.127,161.18787635212763,145.3674501945775,False,
00:01:08.228,127.14493764503892,116.76159005844616,False,
00:01:08.329,104.74147627411337,97.66706575671549,False,
00:01:08.370,97.67122631995548,152.41,True,91.32
00:01:08.430,150.72884831462866,154.23146444854908,False,
00:01:08.531,153.96777753078416,154.23146444854908,False,
00:01:08.632,154.13333288717294,154.23146444854908,False,
00:01:08.734,154.13333288717294,154.23146444854908,False,
00:01:08.835,139.50908464277114,129.22555526913877,False,
00:01:08.935,114.6036248200014,106.30669311046198,False,
00:01:09.036,96.05855704574144,90.1220125790668,False,
00:01:09.137,82.68674118876562,78.29564075720124,False,
00:01:09.238,72.51737950976302,69.1476881963142,False,
00:01:09.338,64.68426002505849,62.000242424959126,False,
00:01:09.439,58.32898182239934,56.15081528135736,False,
00:01:09.540,53.102625552616594,51.298219307842224,False,
00:01:09.640,48.761899397703466,47.240148738242205,False,
00:01:09.741,45.09192855047611,43.78722662371083,False,
00:01:09.841,41.931315615459155,40.80625261364692,False,
00:01:09.941,39.18579865467991,38.198805789453075,False,
00:01:10.042,36.75168527735707,35.88601326933336,False,
00:01:10.142,34.622843858736246,33.855957673164895,False,
00:01:10.243,32.72324205682272,32.0379722518106,False,
00:01:10.343,31.026515407510118,30.409847030125245,False,
00:01:10.445,29.474842884024202,28.919034640341266,False,
00:01:10.545,28.08713220503766,27.583277616900382,False,
00:01:10.646,26.821005773470564,26.361215494544933,False,
00:01:10.748,25.657568333686974,25.236139455364484,False,
00:01:10.848,24.599772883576936,24.21315499539085,False,
00:01:10.948,23.630322494286382,23.273164178312193,False,
00:01:11.049,22.731182001283514,22.401166157712932,False,
00:01:11.150,21.889310368335142,21.583252321956863,False,
00:01:11.252,21.10738127749211,20.822896575691004,False,
00:01:11.352,20.387067552101055,20.121191730409006,False,
00:01:11.453,19.71374200499185,19.465363191364204,False,
00:01:11.553,19.083468865272952,18.85060681011585,False,
00:01:11.653,18.49346821842468,18.27522657561571,False,
00:01:11.754,17.938141159423907,17.732682486862988,False,
00:01:11.841,17.48100332110763,40.68,True,17.29
00:01:11.855,35.93745477127115,47.47409122852477,False,
00:01:11.955,46.74041743040341,47.47409122852477,False,
00:01:12.056,47.37621782138673,47.47409122852477,False,
00:01:12.157,47.37621782138673,47.47409122852477,False,
00:01:12.191,47.37621782138673,40.21,True,171.92
00:01:12.257,45.43956631389815,45.0122199471472,False,
00:01:12.358,45.11209142954805,45.0122199471472,False,
00:01:12.458,45.11209142954805,45.0122199471472,False,
00:01:12.560,45.11209142954805,45.0122199471472,False,
00:01:12.630,45.11209142954805,42.26,True,136.67
00:01:12.661,55.751493553565915,60.768343037157614,False,
00:01:12.762,60.38388077053429,60.768343037157614,False,
00:01:12.862,60.669654562005945,60.768343037157614,False,
00:01:12.963,60.669654562005945,60.768343037157614,False,
00:01:12.970,60.669654562005945,160.0,True,178.04
00:01:13.064,163.57704732722934,165.20073201676033,False,
00:01:13.165,165.07821803558338,165.20073201676033,False,
00:01:13.265,165.10431925989164,165.20073201676033,False,
00:01:13.367,160.28790665099223,151.25537550554546,False,
00:01:13.367,160.28790665099223,153.19,True,150.38
00:01:13.468,158.7569287689121,158.63198637137933,False,
00:01:13.569,158.72956766353738,158.63198637137933,False,
00:01:13.671,158.72956766353738,158.63198637137933,False,
00:01:13.758,157.73958604852749,159.72,True,153.45
00:01:13.771,157.86102206019382,158.17071669495255,False,
00:01:13.873,158.0743672503621,158.17071669495255,False,
00:01:13.974,158.0743672503621,158.17071669495255,False,
00:01:14.076,158.0743672503621,158.17071669495255,False,
00:01:14.146,157.66978507558696,153.19,True,155.84
00:01:14.176,155.48337916644738,153.5429000624449,False,
00:01:14.276,153.69276822911704,153.5429000624449,False,
00:01:14.378,153.64120119938164,153.5429000624449,False,
00:01:14.479,153.64120119938164,153.5429000624449,False,
00:01:14.504,153.64120119938164,158.73,True,167.6
00:01:14.580,157.91431756754258,158.62752277238638,False,
00:01:14.681,158.5312134915761,158.62752277238638,False,
00:01:14.781,158.5312134915761,158.62752277238638,False,
00:01:14.846,158.5312134915761,165.29,True,173.41
00:01:14.882,161.51183122363813,163.48637736513913,False,
00:01:14.982,163.33373908855796,163.48637736513913,False,
00:01:15.083,163.38692748851236,163.48637736513913,False,
00:01:15.158,163.38692748851236,180.54,True,204.78
00:01:15.184,172.91763609843608,178.492533456015,False,
00:01:15.285,178.06316261669366,178.492533456015,False,
00:01:15.385,178.3935785749211,178.492533456015,False,
00:01:15.457,178.3935785749211,188.09,True,188.68
00:01:15.485,183.95970723523297,188.10169526695813,False,
00:01:15.585,187.77904574517643,188.10169526695813,False,
00:01:15.686,188.00221629826515,188.10169526695813,False,
00:01:15.720,188.00221629826515,206.19,True,229.01
00:01:15.788,202.51619569944836,204.55196888725362,False,
00:01:15.888,204.39708181550833,204.55196888725362,False,
00:01:15.989,204.4526873942536,204.55196888725362,False,
00:01:15.994,204.4526873942536,210.53,True,218.18
00:01:16.090,211.11755433901527,211.71953295596438,False,
00:01:16.191,211.62059234548568,211.71953295596438,False,
00:01:16.292,209.76071646012946,201.39458281115705,False,
00:01:16.331,195.03433791251564,205.71,True,177.51
00:01:16.393,202.34406391602747,203.97927784202233,False,
00:01:16.494,203.85282765322228,203.97927784202233,False,
00:01:16.518,203.8818457621111,225.0,True,320.86
00:01:16.594,225.20423654799114,227.0521180473368,False,
00:01:16.695,226.91192618114235,227.0521180473368,False,
00:01:16.743,226.95477071181006,240.32,True,267.86
00:01:16.797,242.0767284916897,244.965222739385,False,
00:01:16.898,244.74767119776917,244.965222739385,False,
00:01:16.977,244.86606543861544,278.64,True,255.32
00:01:16.999,264.39432311309855,272.48952535399013,False,
00:01:17.101,271.91680387273425,272.48952535399013,False,
00:01:17.202,272.03109502005424,267.40036700601087,False,
00:01:17.252,245.59117838614128,245.23,True,218.18
00:01:17.302,240.4705133071493,238.52267935936533,False,
00:01:17.403,238.67107779741133,238.52267935936533,False,
00:01:17.463,238.62165778358118,250.0,True,285.71
00:01:17.503,238.62165778358118,238.71829348429452,False,
00:01:17.605,238.62165778358118,238.71829348429452,False,
00:01:17.633,238.62165778358118,274.81,True,352.94
00:01:17.706,274.08003560376017,276.18715766636046,False,
00:01:17.807,276.02763102226817,276.18715766636046,False,
00:01:17.907,246.87212679111522,218.95777250714755,False,
00:01:17.946,218.68258024011374,259.37,True,191.08
00:01:18.008,246.2726442130126,249.02283812451594,False,
00:01:18.108,248.80978597479236,249.02283812451594,False,
00:01:18.146,248.92346963938837,263.54,True,301.51
00:01:18.208,255.0922508615218,256.5818642545377,False,
00:01:18.309,256.4691733276956,256.5818642545377,False,
00:01:18.410,246.9512895443184,227.3002866789142,False,
00:01:18.511,185.281347034257,164.38720820021334,False,
00:01:18.524,178.62763936918108,203.16,True,160.86
00:01:18.612,193.94091148609195,195.1178166204256,False,
00:01:18.713,195.01876285938192,195.1178166204256,False,
00:01:18.774,195.01876285938192,217.65,True,235.29
00:01:18.814,207.08565732673145,211.04786403924913,False,
00:01:18.916,210.75064299340963,211.04786403924913,False,
00:01:19.017,210.9499351198001,211.04786403924913,False,
00:01:19.032,210.9499351198001,203.16,True,232.56
00:01:19.118,211.66713437009273,211.76467123550276,False,
00:01:19.219,211.66713437009273,211.76467123550276,False,
00:01:19.276,211.66713437009273,237.47,True,244.9
00:01:19.319,230.50134860142643,234.43294079432147,False,
00:01:19.419,234.13102626444314,234.43294079432147,False,
00:01:19.521,234.33637952821206,234.43294079432147,False,
00:01:19.621,195.01686852097,174.00538074919777,False,
00:01:19.656,176.9876933906883,204.31,True,158.73
00:01:19.722,200.705351538232,202.95924668147313,False,
00:01:19.823,202.78842820693188,202.95924668147313,False,
00:01:19.894,202.86329904858758,208.57,True,250.0
00:01:19.923,204.00526699113738,204.9997205157219,False,
00:01:20.025,204.90072078089747,204.9997205157219,False,
00:01:20.116,204.90072078089747,214.8,True,272.73
00:01:20.125,211.34557770148822,221.5390376842439,False,
00:01:20.226,220.86288845485646,221.5390376842439,False,
00:01:20.252,221.1860878898923,301.51,True,437.96
00:01:20.327,306.52505179796833,309.09901590514295,False,
00:01:20.429,308.90569199693834,309.09901590514295,False,
00:01:20.530,248.86623843341278,215.70182438426497,False,
00:01:20.630,178.73960931133462,158.46069277136883,False,
00:01:20.731,137.3534687629803,125.14513924147572,False,
00:01:20.772,125.64968500138087,205.25,True,115.38
00:01:20.832,206.71748407468812,210.47048018149655,False,
00:01:20.915,210.02468832886476,225.85,True,428.57
00:01:20.933,208.50781830412052,205.89199954928932,False,
00:01:21.034,206.09387792400835,205.89199954928932,False,
00:01:21.135,205.98861372706713,205.89199954928932,False,
00:01:21.143,205.98861372706713,202.02,True,259.74
00:01:21.235,223.44451513271716,224.5931317029497,False,
00:01:21.336,224.4934708186896,224.5931317029497,False,
00:01:21.375,224.4934708186896,299.5,True,260.87
00:01:21.436,283.6922175649983,286.80420884953304,False,
00:01:21.536,286.5639267743358,286.80420884953304,False,
00:01:21.568,286.6982580198368,274.39,True,307.69
00:01:21.637,282.2943560311616,281.3737191394634,False,
00:01:21.738,281.47177885807827,281.3737191394634,False,
00:01:21.825,260.777267249716,265.1,True,236.22
00:01:21.838,257.2708835545723,248.35638983084277,False,
00:01:21.938,249.05117611434008,248.35638983084277,False,
00:01:22.040,248.45333774536718,248.35638983084277,False,
00:01:22.083,245.42831452243595,253.52,True,229.89
00:01:22.141,242.66117045510495,241.84399812286148,False,
00:01:22.242,241.9402464380734,241.84399812286148,False,
00:01:22.322,241.9402464380734,238.73,True,251.05
00:01:22.342,241.87104430381052,241.7711631464003,False,
00:01:22.444,241.87104430381052,241.7711631464003,False,
00:01:22.545,241.87104430381052,241.7711631464003,False,
00:01:22.552,241.87104430381052,246.58,True,260.87
00:01:22.646,247.4608552331068,248.01793861735896,False,
00:01:22.747,247.91978214479667,248.01793861735896,False,
00:01:22.848,225.87318968962018,202.95150291292202,False,
00:01:22.852,223.45314067215818,234.37,True,200.67
00:01:22.949,233.14258683026887,233.8919470257133,False,
00:01:23.050,233.79367489321154,233.8919470257133,False,
00:01:23.108,233.79367489321154,229.3,True,234.37
00:01:23.150,229.11640305821456,226.6859426828433,False,
00:01:23.251,226.87325096503014,226.6859426828433,False,
00:01:23.352,226.78294903426146,226.6859426828433,False,
00:01:23.376,226.6461162338362,220.05,True,228.14
00:01:23.454,223.98556548491047,223.56705778897788,False,
00:01:23.554,223.6636941265146,223.56705778897788,False,
00:01:23.634,223.6636941265146,230.18,True,228.14
00:01:23.654,225.44595021235835,228.0337625866536,False,
00:01:23.755,227.8382559329275,228.0337625866536,False,
00:01:23.856,227.93529391212917,228.0337625866536,False,
00:01:23.934,217.28266972108787,218.18,True,200.67
00:01:23.957,216.8899858772944,216.4045357344107,False,
00:01:24.057,216.50259688261013,216.4045357344107,False,
00:01:24.158,216.50259688261013,216.4045357344107,False,
00:01:24.185,216.50259688261013,221.4,True,239.04
00:01:24.260,220.67764467333458,221.3920773997122,False,
00:01:24.360,221.2962447133767,221.3920773997122,False,
00:01:24.372,221.2962447133767,243.9,True,319.15
00:01:24.461,244.22894847546925,245.57772153904676,False,
00:01:24.562,245.47603830217622,245.57772153904676,False,
00:01:24.622,244.9101637427561,260.87,True,239.04
00:01:24.663,252.1825577672876,255.29295511430877,False,
00:01:24.764,255.05570448909637,255.29295511430877,False,
00:01:24.777,255.1217948042339,303.03,True,387.1
00:01:24.865,291.3888472822579,292.8934680666483,False,
00:01:24.966,292.77904274773306,292.8934680666483,False,
00:01:25.067,236.9845430166081,206.60069452996083,False,
00:01:25.085,223.78885026907307,252.1,True,194.81
00:01:25.168,242.47579892041486,243.9165966557943,False,
00:01:25.269,243.80701006464068,243.9165966557943,False,
00:01:25.287,243.81675604518574,270.68,True,297.03
00:01:25.369,260.66082915140277,262.038467195277,False,
00:01:25.424,261.6972827582638,278.21,True,437.96
00:01:25.470,291.73709674061996,296.1022942286517,False,
00:01:25.571,295.77450837480995,296.1022942286517,False,
00:01:25.622,296.00465244337823,335.2,True,303.03
00:01:25.672,328.91099183389554,332.82096104527915,False,
00:01:25.773,332.521812251589,332.82096104527915,False,
00:01:25.874,276.57628292016153,238.1456194091078,False,
00:01:25.902,249.869795953804,293.16,True,215.05
00:01:25.976,286.44970669509416,288.6278901163779,False,
00:01:26.026,288.01413673849794,299.5,True,483.87
00:01:26.076,293.3269656642749,295.20533286720314,False,
00:01:26.177,295.0598157866254,295.20533286720314,False,
00:01:26.237,293.75573174420356,293.16,True,284.36
00:01:26.278,292.5161873889603,291.83724745542713,False,
00:01:26.377,291.9357914638745,378.15,True,425.53
00:01:26.381,328.7444140170306,378.4074800542143,False,
00:01:26.482,377.2101941734056,378.4074800542143,False,
00:01:26.571,352.0594379286602,329.07,True,307.69
00:01:26.583,344.62237751227946,323.05594237063383,False,
00:01:26.684,324.68930043928844,323.05594237063383,False,
00:01:26.750,323.36081584339206,352.94,True,344.83
00:01:26.785,338.1789046363501,343.0118877632064,False,
00:01:26.886,342.64448381666597,343.0118877632064,False,
00:01:26.930,341.87869043413036,324.91,True,324.32
00:01:26.986,324.39534948489245,318.8256945612426,False,
00:01:27.087,319.24521610283824,318.8256945612426,False,
00:01:27.097,319.15121521824955,342.21,True,359.28
00:01:27.187,338.81426191418115,340.055985882307,False,
00:01:27.261,339.867838814561,349.51,True,368.1
00:01:27.288,340.8983405218681,341.96181764493406,False,
00:01:27.388,341.8646346658323,341.96181764493406,False,
00:01:27.417,341.8646346658323,370.37,True,384.62
00:01:27.488,372.3885747879012,374.6690179964106,False,
00:01:27.589,370.31577114315746,348.549395027257,False,
00:01:27.649,304.9239589145676,326.68,True,258.62
00:01:27.691,318.0330968847706,321.97046258737464,False,
00:01:27.791,321.6646216730671,321.97046258737464,False,
00:01:27.891,284.1732263069291,247.81121864180463,False,
00:01:27.992,200.3202377998269,175.20249793753067,False,
00:01:27.995,198.16262161945895,244.9,True,172.91
00:01:28.092,226.62296508588634,227.76866511147273,False,
00:01:28.193,227.67050457094996,227.76866511147273,False,
00:01:28.295,217.35116628141571,200.10483193811862,False,
00:01:28.311,209.4375498223366,201.12,True,189.87
00:01:28.395,189.0521902189754,186.3714948371824,False,
00:01:28.497,186.5734589855257,186.3714948371824,False,
00:01:28.597,186.46997554396822,186.3714948371824,False,
00:01:28.697,169.48122456074086,155.25057974152688,False,
00:01:28.798,134.67835468792632,123.26423774108353,False,
00:01:28.814,129.92241659808786,154.51,True,119.52
00:01:28.898,153.67909207692463,155.22953768032596,False,
00:01:28.999,155.11268787454546,155.22953768032596,False,
00:01:29.099,155.13140986592185,155.22953768032596,False,
00:01:29.200,155.13140986592185,155.22953768032596,False,
00:01:29.302,133.40963550359612,123.13269859971416,False,
00:01:29.402,109.67443794994831,102.01230674438779,False,
00:01:29.503,92.59218307636277,87.0685516543694,False,
00:01:29.604,80.17616983277081,76.02398370152326,False,
00:01:29.704,70.65605434225155,67.44094320433815,False,
00:01:29.805,63.0877227878938,60.53429113815655,False,
00:01:29.907,57.00065591248291,54.91837583103196,False,
00:01:30.008,52.00989883871531,50.27608287320853,False,
00:01:30.109,47.789425958397466,46.327062586705075,False,
00:01:30.211,44.209881449921625,42.95586776887718,False,
00:01:30.312,41.14987058166344,40.062690924350456,False,
00:01:30.330,40.6411444689115,77.19,True,39.63
00:01:30.413,80.78198510274848,82.4610286182205,False,
00:01:30.514,82.335180441194,82.4610286182205,False,
00:01:30.616,82.36172405583736,82.4610286182205,False,
00:01:30.718,82.36172405583736,82.4610286182205,False,
00:01:30.818,82.36172405583736,82.4610286182205,False,
00:01:30.837,82.36172405583736,71.43,True,119.05
00:01:30.919,76.1317629316243,75.24773558644324,False,
00:01:31.019,75.34658749850091,75.24773558644324,False,
00:01:31.121,75.34658749850091,75.24773558644324,False,
00:01:31.221,75.34658749850091,75.24773558644324,False,
00:01:31.323,75.34658749850091,75.24773558644324,False,
00:01:31.423,75.34658749850091,75.24773558644324,False,
00:01:31.524,75.34658749850091,75.24773558644324,False,
00:01:31.624,75.34658749850091,75.24773558644324,False,
00:01:31.724,70.45046126448717,67.61473036671158,False,
00:01:31.826,63.22915956121401,60.684525072630954,False,
00:01:31.839,62.36232355113471,59.54,True,59.7
00:01:31.926,71.11084336748809,72.0364952615713,False,
00:01:32.027,71.93966537603359,72.0364952615713,False,
00:01:32.129,71.93966537603359,72.0364952615713,False,
00:01:32.229,71.93966537603359,72.0364952615713,False,
00:01:32.330,71.93966537603359,72.0364952615713,False,
00:01:32.430,71.93966537603359,72.0364952615713,False,
00:01:32.531,71.93966537603359,72.0364952615713,False,
00:01:32.632,71.93966537603359,72.0364952615713,False,
00:01:32.655,71.93966537603359,77.35,True,73.35
00:01:32.732,78.58780161869028,79.57237947134054,False,
00:01:32.834,79.47521454036358,79.57237947134054,False,
00:01:32.934,79.47521454036358,79.57237947134054,False,
00:01:33.035,79.47521454036358,79.57237947134054,False,
00:01:33.136,79.47521454036358,79.57237947134054,False,
00:01:33.230,79.47521454036358,75.09,True,104.53
00:01:33.237,79.6335500598263,80.397758181874,False,
00:01:33.338,80.30135877326606,80.397758181874,False,
00:01:33.439,80.30135877326606,80.397758181874,False,
00:01:33.539,80.30135877326606,80.397758181874,False,
00:01:33.640,80.30135877326606,80.397758181874,False,
00:01:33.669,80.30135877326606,98.2,True,136.05
00:01:33.740,99.1006880861337,101.02345967899495,False,
00:01:33.841,100.87431520648744,101.02345967899495,False,
00:01:33.941,100.92550714212494,101.02345967899495,False,
00:01:34.042,100.92550714212494,101.02345967899495,False,
00:01:34.142,100.92550714212494,101.02345967899495,False,
00:01:34.237,100.92550714212494,113.85,True,106.01
00:01:34.243,103.8986843183185,113.5673057983391,False,
00:01:34.344,112.91056203596872,113.5673057983391,False,
00:01:34.444,113.46750298360091,113.5673057983391,False,
00:01:34.544,113.46750298360091,113.5673057983391,False,
00:01:34.645,113.46750298360091,113.5673057983391,False,
00:01:34.691,113.46750298360091,123.03,True,131.58
00:01:34.746,120.75534716844128,122.80529261614655,False,
00:01:34.846,122.64849018136937,122.80529261614655,False,
00:01:34.947,122.70586582755439,122.80529261614655,False,
00:01:35.045,122.70586582755439,131.29,True,171.92
00:01:35.049,125.8148359891475,137.3332545871132,False,
00:01:35.150,136.60052669306233,137.3332545871132,False,
00:01:35.250,137.23340670708146,137.3332545871132,False,
00:01:35.352,137.23340670708146,137.3332545871132,False,
00:01:35.423,137.23340670708146,151.77,True,157.48
00:01:35.453,148.39846467247963,153.69575909796546,False,
00:01:35.555,153.29961503599787,153.69575909796546,False,
00:01:35.655,153.59993478402242,153.69575909796546,False,
00:01:35.755,153.59993478402242,153.69575909796546,False,
00:01:35.856,147.37840163836762,138.5409443487165,False,
00:01:35.865,145.1210885858304,155.71,True,140.85
00:01:35.957,151.874562918277,152.56093974717533,False,
00:01:36.058,152.4610081012852,152.56093974717533,False,
00:01:36.158,152.4610081012852,152.56093974717533,False,
00:01:36.209,152.4610081012852,156.93,True,176.47
00:01:36.259,156.1560448685612,157.54758676752172,False,
00:01:36.360,157.44138052543954,157.54758676752172,False,
00:01:36.461,157.44798438341815,157.54758676752172,False,
00:01:36.561,157.44798438341815,157.54758676752172,False,
00:01:36.580,157.44798438341815,158.31,True,161.73
00:01:36.662,159.21870575559976,159.46628185338676,False,
00:01:36.763,159.36669680772354,159.46628185338676,False,
00:01:36.864,159.36669680772354,159.46628185338676,False,
00:01:36.964,159.0403108276938,156.32063159790917,False,
00:01:37.065,134.27154212731887,123.63630646847513,False,
00:01:37.166,110.05346492875219,102.3090807973383,False,
00:01:37.268,92.80334929532172,87.2692468943534,False,
00:01:37.322,85.53787581434298,122.12,True,78.64
00:01:37.368,118.78561467975523,123.29941940105559,False,
00:01:37.468,122.95398093782511,123.29941940105559,False,
00:01:37.569,123.20110913430301,123.29941940105559,False,
00:01:37.670,123.20110913430301,123.29941940105559,False,
00:01:37.770,123.20110913430301,123.29941940105559,False,
00:01:37.871,116.04709212720014,109.44079822847829,False,
00:01:37.971,98.64964662488916,92.54876809174476,False,
00:01:38.071,84.7883227609985,80.1796168517922,False,
00:01:38.143,76.89617767134108,92.07,True,73.08
00:01:38.172,91.38254317350425,91.38254317350425,False,
00:01:38.272,91.38254317350425,91.38254317350425,False,
00:01:38.372,91.38254317350425,91.38254317350425,False,
00:01:38.474,91.38254317350425,91.38254317350425,False,
00:01:38.574,91.38254317350425,91.38254317350425,False,
00:01:38.578,91.38254317350425,89.2,True,138.25
00:01:38.675,92.99374387718896,93.14200695518865,False,
00:01:38.775,93.0430335851283,93.14200695518865,False,
00:01:38.875,93.0430335851283,93.14200695518865,False,
00:01:38.976,93.0430335851283,93.14200695518865,False,
00:01:39.043,93.0430335851283,105.02,True,130.72
00:01:39.077,105.53708531797822,110.44060660183891,False,
00:01:39.178,110.06831992045585,110.44060660183891,False,
00:01:39.280,110.34216652838,110.44060660183891,False,
00:01:39.381,110.34216652838,110.44060660183891,False,
00:01:39.482,110.34216652838,110.44060660183891,False,
00:01:39.523,110.34216652838,130.91,True,124.48
00:01:39.583,127.21140310633992,129.86110708344367,False,
00:01:39.684,129.6580436040426,129.86110708344367,False,
00:01:39.784,129.76309597846603,129.86110708344367,False,
00:01:39.885,129.76309597846603,129.86110708344367,False,
00:01:39.986,129.76309597846603,129.6664694983337,False,
00:01:40.011,127.89054281008707,125.96,True,122.95
00:01:40.087,126.10789879727665,125.81388532245224,False,
00:01:40.189,125.91121197245842,125.81388532245224,False,
00:01:40.289,125.91121197245842,125.81388532245224,False,
00:01:40.389,125.91121197245842,125.81388532245224,False,
00:01:40.412,125.91121197245842,130.91,True,148.15
00:01:40.489,130.97958524132028,131.77859390756427,False,
00:01:40.590,131.68166821474577,131.77859390756427,False,
00:01:40.690,131.68166821474577,131.77859390756427,False,
00:01:40.790,131.68166821474577,131.77859390756427,False,
00:01:40.834,131.68166821474577,136.78,True,141.84
00:01:40.890,136.7327382653483,138.20874578533423,False,
00:01:40.992,138.09775844873843,138.20874578533423,False,
00:01:41.092,138.11116542338684,138.20874578533423,False,
00:01:41.193,138.11116542338684,138.20874578533423,False,
00:01:41.293,136.13155898823112,130.86336834868993,False,
00:01:41.393,115.50888173537689,107.43120401826079,False,
00:01:41.493,97.07280105498535,91.05479354413164,False,
00:01:41.593,83.53201064736153,79.03648058762398,False,
00:01:41.694,73.23470190602549,69.79053264808753,False,
00:01:41.716,71.27786647726563,105.32,True,68.1
00:01:41.795,104.47682010177724,106.31466850656764,False,
00:01:41.897,106.1764383071346,106.31466850656764,False,
00:01:41.997,106.21798425297268,106.31466850656764,False,
00:01:42.098,106.21798425297268,106.31466850656764,False,
00:01:42.157,106.21798425297268,103.27,True,136.67
00:01:42.199,107.11194579186112,107.57616347689266,False,
00:01:42.299,107.47899082566985,107.57616347689266,False,
00:01:42.400,107.47899082566985,107.57616347689266,False,
00:01:42.501,107.47899082566985,107.57616347689266,False,
00:01:42.575,107.47899082566985,103.57,True,143.54
00:01:42.602,108.20166410977004,108.91925895854607,False,
00:01:42.703,108.82092438278983,108.91925895854607,False,
00:01:42.803,108.82092438278983,108.91925895854607,False,
00:01:42.904,108.82092438278983,108.91925895854607,False,
00:01:43.005,108.82092438278983,108.91925895854607,False,
00:01:43.023,108.82092438278983,137.51,True,132.74
00:01:43.106,134.3167693474017,135.9271098586752,False,
00:01:43.206,135.8019692199731,135.9271098586752,False,
00:01:43.307,135.830713328607,135.9271098586752,False,
00:01:43.408,135.830713328607,135.9271098586752,False,
00:01:43.508,130.76446172247668,123.68309462515887,False,
00:01:43.573,117.3355703150387,126.94,True,109.49
00:01:43.609,122.78683551126687,125.83567698727231,False,
00:01:43.710,125.60331553926423,125.83567698727231,False,
00:01:43.811,125.73747878295745,125.83567698727231,False,
00:01:43.912,125.73747878295745,125.83567698727231,False,
00:01:43.990,125.73747878295745,127.21,True,144.58
00:01:44.012,126.22502883351426,126.84927279958268,False,
00:01:44.112,126.75128700689379,126.84927279958268,False,
00:01:44.214,126.75128700689379,126.84927279958268,False,
00:01:44.314,126.75128700689379,126.84927279958268,False,
00:01:44.415,126.75128700689379,126.84927279958268,False,
00:01:44.515,120.9386896484892,120.81,True,113.85
00:01:44.519,120.99883308040138,121.52915096756695,False,
00:01:44.619,121.43015130461075,121.52915096756695,False,
00:01:44.720,121.43015130461075,121.52915096756695,False,
00:01:44.820,121.43015130461075,121.52915096756695,False,
00:01:44.921,121.43015130461075,121.52915096756695,False,
00:01:44.949,121.43015130461075,130.72,True,137.93
00:01:45.023,128.97287774053615,130.1954497749594,False,
00:01:45.123,130.09743998870744,130.1954497749594,False,
00:01:45.223,130.09743998870744,130.1954497749594,False,
00:01:45.325,130.09743998870744,130.1954497749594,False,
00:01:45.406,130.09743998870744,126.85,True,131.29
00:01:45.426,129.45051582547177,128.44333597013565,False,
00:01:45.526,128.53988112780362,128.44333597013565,False,
00:01:45.626,128.53988112780362,128.44333597013565,False,
00:01:45.727,128.53988112780362,128.44333597013565,False,
00:01:45.828,128.53988112780362,128.44333597013565,False,
00:01:45.850,128.53988112780362,134.83,True,135.44
00:01:45.928,132.77114916756932,133.42875794808512,False,
00:01:46.029,133.3322425058557,133.42875794808512,False,
00:01:46.129,133.3322425058557,133.42875794808512,False,
00:01:46.230,133.3322425058557,133.42875794808512,False,
00:01:46.331,130.5070332015027,124.73457411216575,False,
00:01:46.432,110.60374057149993,103.09911570771037,False,
00:01:46.492,99.73491713406828,116.66,True,93.31
00:01:46.533,111.10448014096092,114.96764657365301,False,
00:01:46.633,114.66648051002441,114.96764657365301,False,
00:01:46.735,114.87037855513242,114.96764657365301,False,
00:01:46.836,114.87037855513242,114.96764657365301,False,
00:01:46.937,114.87037855513242,114.96764657365301,False,
00:01:46.972,114.87037855513242,115.02,True,125.26
00:01:47.037,114.81805568316058,114.72174335459044,False,
00:01:47.138,114.81805568316058,114.72174335459044,False,
00:01:47.238,114.81805568316058,114.72174335459044,False,
00:01:47.339,114.81805568316058,114.72174335459044,False,
00:01:47.439,114.81805568316058,114.72174335459044,False,
00:01:47.540,110.86546458706718,105.63520716877112,False,
00:01:47.641,95.33575667768237,89.69621192491071,False,
00:01:47.742,82.26077348630932,77.92601281146548,False,
00:01:47.843,72.20143269987618,68.85983180308895,False,
00:01:47.945,64.3104591255373,61.66022152850108,False,
00:01:48.046,58.04035977246094,55.88107457797459,False,
00:01:48.147,52.860150221398534,51.06897159813962,False,
00:01:48.249,48.50696717114741,47.00155932116021,False,
00:01:48.350,44.84385104726622,43.55239537253861,False,
00:01:48.450,41.703218763471995,40.588408626814825,False,
00:01:48.482,40.81283608201844,68.42,True,39.76
00:01:48.552,76.74604697613819,78.65435028314288,False,
00:01:48.653,78.50956715309259,78.65435028314288,False,
00:01:48.753,78.55665647947907,78.65435028314288,False,
00:01:48.853,78.55665647947907,78.65435028314288,False,
00:01:48.954,78.55665647947907,78.65435028314288,False,
00:01:49.055,78.55665647947907,78.65435028314288,False,
00:01:49.105,78.55665647947907,68.91,True,96.15
00:01:49.155,75.54695031939103,74.41785558962471,False,
00:01:49.256,74.51772037942567,74.41785558962471,False,
00:01:49.357,74.51772037942567,74.41785558962471,False,
00:01:49.458,74.51772037942567,74.41785558962471,False,
00:01:49.558,74.51772037942567,74.41785558962471,False,
00:01:49.566,74.51772037942567,69.36,True,129.87
00:01:49.658,80.39445240248133,80.97835476279035,False,
00:01:49.759,80.88082970028549,80.97835476279035,False,
00:01:49.817,80.88082970028549,134.73,True,240.0
00:01:49.860,129.82040908459354,135.0337750573959,False,
00:01:49.960,134.62883372006308,135.0337750573959,False,
00:01:50.061,134.93415668745138,135.0337750573959,False,
00:01:50.162,134.93415668745138,135.0337750573959,False,
00:01:50.263,134.901565845753,134.27179477602982,False,
00:01:50.365,117.51779121723045,109.45255507786251,False,
00:01:50.465,98.75012652218085,92.52940603324184,False,
00:01:50.566,84.62735250758392,80.0154906698284,False,
00:01:50.668,73.95570430014445,70.44449539011649,False,
00:01:50.769,65.76967467517292,62.9888868865261,False,
00:01:50.870,59.20558323860402,56.95828929291649,False,
00:01:50.971,53.827910574449696,51.9710541135916,False,
00:01:51.072,49.36148671631903,47.79620282855371,False,
00:01:51.172,45.58088650801982,44.24928313761015,False,
00:01:51.273,42.33986223611187,41.19160219692264,False,
00:01:51.373,39.549854309221494,38.544819502350826,False,
00:01:51.473,37.09893909796659,36.215290079796226,False,
00:01:51.573,34.93060445718941,34.14981814273682,False,
00:01:51.674,32.99809818038599,32.30088213881955,False,
00:01:51.675,32.99809818038599,70.07,True,32.31
00:01:51.774,69.24685713284367,70.3398713700104,False,
00:01:51.874,70.2423002361165,70.3398713700104,False,
00:01:51.953,70.2423002361165,75.47,True,215.83
00:01:51.975,76.51833365684938,81.82738814605085,False,
00:01:52.076,81.41508022512681,81.82738814605085,False,
00:01:52.176,81.73035316457047,81.82738814605085,False,
00:01:52.277,81.73035316457047,81.82738814605085,False,
00:01:52.378,81.73035316457047,81.82738814605085,False,
00:01:52.479,81.73035316457047,81.82738814605085,False,
00:01:52.579,81.73035316457047,81.82738814605085,False,
00:01:52.681,81.73035316457047,81.82738814605085,False,
00:01:52.775,76.29251238663048,60.83,True,72.82
00:01:52.782,76.14452743992462,75.4270555511031,False,
00:01:52.882,75.52615004128147,75.4270555511031,False,
00:01:52.984,75.52615004128147,75.4270555511031,False,
00:01:53.085,75.52615004128147,75.4270555511031,False,
00:01:53.186,75.52615004128147,75.4270555511031,False,
00:01:53.237,75.52615004128147,115.61,True,131.87
00:01:53.288,110.33741234865794,114.24351559269535,False,
00:01:53.388,113.94124126862437,114.24351559269535,False,
00:01:53.489,114.14742416365657,114.24351559269535,False,
00:01:53.590,114.14742416365657,114.24351559269535,False,
00:01:53.690,114.14742416365657,114.24351559269535,False,
00:01:53.791,112.35915600890068,108.31846522946924,False,
00:01:53.853,103.38248108653559,94.69,True,96.46
00:01:53.892,100.93298382253317,99.47404915887319,False,
00:01:53.993,99.58487083784684,99.47404915887319,False,
00:01:54.084,99.57114366571443,138.04,True,264.32
00:01:54.093,123.29805230021343,139.439226470662,False,
00:01:54.194,138.56053079800148,139.439226470662,False,
00:01:54.274,139.32636383292916,172.58,True,309.28
00:01:54.294,173.76190578858038,183.83954541704588,False,
00:01:54.395,183.1597512172269,183.83954541704588,False,
00:01:54.452,183.68196819618223,300.5,True,337.08
00:01:54.496,297.63257107218936,303.67659622401527,False,
00:01:54.596,303.2123781220247,303.67659622401527,False,
00:01:54.637,303.5152679518743,322.58,True,322.58
00:01:54.697,321.89938985608086,324.60274748216364,False,
00:01:54.797,324.3928384719286,324.60274748216364,False,
00:01:54.813,324.4641294403723,335.82,True,348.84
00:01:54.898,336.4996512352639,337.66266753307275,False,
00:01:55.000,335.6454391069081,322.00013562843947,False,
00:01:55.100,243.95025053435597,209.42828325194483,False,
00:01:55.201,174.4530151009809,154.8538397449072,False,
00:01:55.285,139.99322520174925,216.09,True,126.32
00:01:55.303,202.6379534103059,217.57185112287982,False,
00:01:55.403,216.71821862689683,217.57185112287982,False,
00:01:55.503,217.47243311593914,217.57185112287982,False,
00:01:55.542,217.47243311593914,199.12,True,233.46
00:01:55.603,196.30014561762675,190.71150034347585,False,
00:01:55.704,191.14464416373997,190.71150034347585,False,
00:01:55.721,190.98858208943975,198.9,True,346.82
00:01:55.805,209.75639301257036,211.2190596276808,False,
00:01:55.871,210.951791680012,306.64,True,382.17
00:01:55.905,305.57109232530513,313.98026771027367,False,
00:01:56.006,313.3820983881457,313.98026771027367,False,
00:01:56.107,288.056043258213,254.83810993577865,False,
00:01:56.142,256.42481425449057,300.5,True,223.05
00:01:56.208,291.40154452234015,294.0546889601486,False,
00:01:56.288,293.7157534438679,313.59,True,405.41
00:01:56.308,300.54929430180187,306.83702531692165,False,
00:01:56.409,306.3596338466953,306.83702531692165,False,
00:01:56.409,306.3596338466953,335.2,True,500.0
00:01:56.510,350.6837215124802,351.8252408125298,False,
00:01:56.541,351.30679917989534,454.55,True,468.75
00:01:56.610,462.96790491977856,466.1958157413128,False,
00:01:56.712,416.41190624038546,351.037231185983,False,
00:01:56.754,344.989851690264,387.93,True,277.78
00:01:56.812,374.6029550598561,377.13935761080756,False,
00:01:56.913,376.90676755619126,376.1089208052488,False,
00:01:57.014,272.3704249750743,230.27132971047976,False,
00:01:57.116,188.57138841020367,165.624779525196,False,
00:01:57.217,142.79060218088944,129.53305288059414,False,
00:01:57.318,114.85811110390527,106.31589975835206,False,
00:01:57.418,96.24468744692577,90.27573644150546,False,
00:01:57.520,82.64664063497037,78.25804812502469,False,
00:01:57.622,72.50470274098748,69.12732663590718,False,
00:01:57.722,64.60916668158283,61.929082510018084,False,
00:01:57.823,58.273909021049995,56.09075505736382,False,
00:01:57.924,53.10357115187002,51.285820694012095,False,
00:01:58.014,49.16629533412844,112.15,True,47.58
00:01:58.028,117.66016572588589,123.96912884527131,False,
00:01:58.128,123.48607746615528,123.96912884527131,False,
00:01:58.228,123.86999543029158,123.96912884527131,False,
00:01:58.328,123.86999543029158,123.96912884527131,False,
00:01:58.337,123.86999543029158,100.0,True,185.76
00:01:58.430,112.24464369378927,111.0499977712281,False,
00:01:58.530,111.14683341589365,111.0499977712281,False,
00:01:58.592,111.14683341589365,97.83,True,234.37
00:01:58.631,114.50954639043763,116.49864734791105,False,
00:01:58.731,116.34490970910284,116.49864734791105,False,
00:01:58.832,116.40077956609345,116.49864734791105,False,
00:01:58.916,116.40077956609345,199.56,True,185.76
00:01:58.932,180.24413587974922,197.1539649236783,False,
00:01:59.033,196.26124121392277,197.1539649236783,False,
00:01:59.133,197.05632581497042,197.1539649236783,False,
00:01:59.234,195.677723646392,188.91828772743207,False,
00:01:59.335,157.9761719958627,143.13874533456342,False,
00:01:59.435,125.6809453591379,115.5358571800441,False,
00:01:59.536,103.65621404056431,96.72236267719042,False,
00:01:59.637,88.22820068021994,83.21979458462397,False,
00:01:59.738,76.74247359348384,72.95894573789042,False,
00:01:59.793,71.76871321942883,123.63,True,68.42
00:01:59.839,127.05642949832273,132.09126782400472,False,
00:01:59.934,131.65119156531682,134.43,True,431.65
00:01:59.940,131.9334414616569,133.7239522543535,False,
00:02:00.041,133.58891556852944,133.7239522543535,False,
00:02:00.097,133.62528940144307,152.41,True,363.64
00:02:00.143,157.2261343906076,161.42154261954036,False,
00:02:00.244,161.10360339890553,161.42154261954036,False,
00:02:00.345,161.32348443378086,161.42154261954036,False,
00:02:00.446,161.32348443378086,161.42154261954036,False,
00:02:00.547,144.38661339676676,133.18069432684166,False,
00:02:00.649,117.4176928848445,108.68921172345256,False,
00:02:00.731,101.20857161834591,191.9,True,94.64
00:02:00.749,175.48245327671927,190.58785785458662,False,
00:02:00.850,189.74470258620943,190.58785785458662,False,
00:02:00.860,189.9327144000491,193.76,True,461.54
00:02:00.951,203.46338148469871,204.52607459706627,False,
00:02:01.051,204.42909682256868,204.52607459706627,False,
00:02:01.139,204.42909682256868,172.74,True,215.83
00:02:01.151,199.33992995983232,185.94507188468089,False,
00:02:01.252,186.96585850816646,185.94507188468089,False,
00:02:01.354,186.0418472885044,185.94507188468089,False,
00:02:01.431,186.0418472885044,259.37,True,209.79
00:02:01.455,240.23054627080532,250.34681908261467,False,
00:02:01.555,249.65991357898375,250.34681908261467,False,
00:02:01.595,250.09831722484554,245.9,True,357.14
00:02:01.656,252.04546775485298,252.5617128907732,False,
00:02:01.734,252.46261571954045,302.52,True,425.53
00:02:01.757,301.4729984856886,311.76293375775396,False,
00:02:01.858,311.08228782989806,311.76293375775396,False,
00:02:01.873,311.2951993254745,401.79,True,431.65
00:02:01.959,401.81281559581834,403.80304937279834,False,
00:02:02.018,403.35665432736425,423.53,True,413.79
00:02:02.060,429.89900277397925,434.70868082127686,False,
00:02:02.160,433.3569319968037,420.70794980758234,False,
00:02:02.180,416.98814289429265,403.59,True,370.37
00:02:02.262,396.9673252541555,394.19155391079744,False,
00:02:02.319,394.84129927370554,403.59,True,431.65
00:02:02.363,394.5621217488005,394.43054520315223,False,
00:02:02.465,394.52929194731803,394.43054520315223,False,
00:02:02.479,392.1224063551426,389.61,True,372.67
00:02:02.566,377.2820496167456,375.4735673849729,False,
00:02:02.667,357.5643079966915,318.74517433200594,False,
00:02:02.769,242.94502407486883,207.22129175374369,False,
00:02:02.778,234.53266080744154,301.0,True,201.34
00:02:02.870,281.96544790545914,283.41882707065463,False,
00:02:02.906,282.8316652735496,307.17,True,472.44
00:02:02.971,291.3635484847547,293.02941851506205,False,
00:02:03.050,292.81132490446595,315.24,True,410.96
00:02:03.071,313.5799188584469,322.17526951117736,False,
00:02:03.172,321.5666956200461,322.17526951117736,False,
00:02:03.273,302.3608866845534,269.80766179352696,False,
00:02:03.373,214.1706310487093,186.07306631570387,False,
00:02:03.373,214.1706310487093,302.52,True,186.34
00:02:03.473,289.30725755066044,290.5960813938986,False,
00:02:03.574,290.49717975977484,290.5960813938986,False,
00:02:03.587,289.30951354959655,263.54,True,279.07
00:02:03.675,260.9335709226416,257.5922851084042,False,
00:02:03.715,258.80808823885076,271.49,True,476.19
00:02:03.777,286.58162434887936,289.39967937720826,False,
00:02:03.851,288.9776880204742,375.78,True,434.78
00:02:03.877,373.7606028215478,384.778055009461,False,
00:02:03.974,384.000200987449,466.32,True,491.8
00:02:03.978,418.4309800964208,477.8603040290953,False,
00:02:04.079,476.5939325043218,477.8603040290953,False,
00:02:04.123,456.751133259673,443.35,True,410.96
00:02:04.179,449.19594407406436,446.77340274108576,False,
00:02:04.251,447.1521427038835,452.26,True,461.54
00:02:04.279,454.0174804043885,458.72168543361295,False,
00:02:04.380,458.3647533157029,458.72168543361295,False,
00:02:04.383,458.32594207870113,441.18,True,454.55
00:02:04.482,428.6385469928101,426.0716276404472,False,
00:02:04.537,420.2025509234193,430.62,True,384.62
00:02:04.582,424.3221977607045,426.18116196362377,False,
00:02:04.677,426.01844506538765,421.55,True,431.65
00:02:04.683,425.07150302527,418.3552374173894,False,
00:02:04.784,418.86435427768714,418.3552374173894,False,
00:02:04.885,345.0094098922867,288.6409373842291,False,
00:02:04.986,227.29885125396436,194.61923469545582,False,
00:02:05.010,207.996873291527,285.71,True,179.1
00:02:05.087,271.63156253490166,273.9695864914958,False,
00:02:05.161,273.6156014525399,289.39,True,405.41
00:02:05.187,275.14836958870416,276.70501112450484,False,
00:02:05.289,276.5876600987039,276.70501112450484,False,
00:02:05.310,276.60590095020285,284.36,True,400.0
00:02:05.389,282.9994139866229,283.911788414594,False,
00:02:05.490,283.8144929392547,283.911788414594,False,
00:02:05.568,260.5757664832354,323.74,True,232.56
00:02:05.591,296.89475428456234,306.363752768911,False,
00:02:05.693,305.72481006175406,306.363752768911,False,
00:02:05.732,306.1286636903031,314.69,True,365.85
00:02:05.794,312.4059644590293,313.8993650142013,False,
00:02:05.873,313.699794667338,319.72,True,425.53
00:02:05.895,326.9730984304832,334.00161471795076,False,
00:02:05.996,333.4742441123597,334.00161471795076,False,
00:02:06.096,306.0722638615245,269.08786850679036,False,
00:02:06.197,212.8832153512461,184.89300581440628,False,
00:02:06.298,157.04307882978887,141.07210165603638,False,
00:02:06.400,123.70071464964175,113.78786097581708,False,
00:02:06.434,115.68383964458694,208.09,True,107.14
00:02:06.500,206.93317151039798,210.22448457408137,False,
00:02:06.568,209.64135509260353,215.31,True,444.44
00:02:06.601,206.28980088604126,203.7653842560083,False,
00:02:06.702,203.96140895754485,203.7653842560083,False,
00:02:06.752,203.86191782983667,207.13,True,344.83
00:02:06.802,231.33863225046704,235.10578252173622,False,
00:02:06.886,234.65940338274115,400.89,True,428.57
00:02:06.903,374.9035979012242,400.244305100402,False,
00:02:07.003,399.2002760311151,400.244305100402,False,
00:02:07.104,327.16579838212346,275.138264340559,False,
00:02:07.117,309.4594103233391,327.27,True,254.24
00:02:07.205,316.4567314934822,317.24331821814513,False,
00:02:07.302,317.1461603173941,322.0,True,327.87
00:02:07.307,316.21146040182447,309.13836662965787,False,
00:02:07.407,309.68075402170984,309.13836662965787,False,
00:02:07.509,306.10837000460737,290.42169488082885,False,
00:02:07.609,225.26121815106796,195.6908520146594,False,
00:02:07.710,164.43784398333167,147.0662170770049,False,
00:02:07.810,128.79420133281582,118.04560590616795,False,
00:02:07.912,105.66451757141061,98.44882745476353,False,
00:02:08.012,89.7585843353237,84.56485389392188,False,
00:02:08.112,78.02136990212445,74.10808618931412,False,
00:02:08.212,68.96882379546012,65.91580549803372,False,
00:02:08.314,61.74197913139495,59.301246121922105,False,
00:02:08.415,55.92509913930433,53.920603359616045,False,
00:02:08.516,51.086349970143914,49.414970645542795,False,
00:02:08.618,47.028894050473454,45.61195133555359,False,
00:02:08.719,43.57945543925505,42.35795737143186,False,
00:02:08.819,40.61399966930291,39.554520502213585,False,
00:02:08.920,38.02218189420849,37.096838816012045,False,
00:02:09.021,35.717701971782034,34.90225953699193,False,
00:02:09.122,33.70782627581615,32.97959761359504,False,
00:02:09.223,31.89458241094612,31.24330243246565,False,
00:02:09.324,30.263379559684154,29.675804368974973,False,
00:02:09.425,28.79454319049219,28.263789728332835,False,
00:02:09.526,27.45700352839941,26.97503125367458,False,
00:02:09.627,26.252583914798187,25.81181897466073,False,
00:02:09.727,25.14857168327403,24.74331458317213,False,
00:02:09.828,24.124765497140917,23.75180539428169,False,
00:02:09.929,23.1871552182397,22.84366701968122,False,
00:02:10.030,22.31836987931005,21.999434406198628,False,
00:02:10.130,21.512288017620463,21.21655887872324,False,
00:02:10.231,20.76134003334186,20.48575995285133,False,
00:02:10.332,20.061901932237312,19.803989029429346,False,
00:02:10.432,19.40934364424617,19.16839537106597,False,
00:02:10.533,18.796164450499184,18.57049709892065,False,
00:02:10.634,18.218026970131707,18.005892488486694,False,
00:02:10.735,17.676887243294946,17.477174508786984,False,
00:02:10.835,17.17123260490398,16.982456916988365,False,
00:02:10.936,16.68915794733851,16.51049121580746,False,
00:02:11.038,16.230943324188278,16.0627071640009,False,
00:02:11.139,15.799368235051052,15.639364641862509,False,
00:02:11.239,15.393251036107493,15.241353911182488,False,
00:02:11.341,15.00128162686457,14.857551066916125,False,
00:02:11.442,14.631762748110088,14.494855977744372,False,
00:02:11.542,14.283519536481787,14.152810367042651,False,
00:02:11.643,13.947693783357689,13.823284283932002,False,
00:02:11.744,13.627603155937488,13.508810607093931,False,
00:02:11.845,13.32120679350242,13.207576896518914,False,
00:02:11.947,13.027691547689294,12.919052835732936,False,
00:02:12.048,12.747054676014091,12.64321761940102,False,
00:02:12.149,12.479313213576047,12.379783886993025,False,
00:02:12.250,12.223774779351201,12.126534716556291,False,
00:02:12.350,11.985377833551615,11.885928857641652,False,
00:02:12.452,11.748684447819038,11.651891496360854,False,
00:02:12.552,11.528209468646565,11.428513819148021,False,
00:02:12.652,11.31309298499738,11.21488300160604,False,
00:02:12.753,11.104276845740817,11.00733427932511,False,
00:02:12.854,10.904155179228624,10.807030038093695,False,
00:02:12.956,10.708653862043025,10.612857368837243,False,
00:02:13.057,10.52593681972137,10.426404650492382,False,
00:02:13.159,10.34416141167081,10.245326102143595,False,
00:02:13.259,10.169437338276161,10.072221849782123,False,
00:02:13.360,10.003404439151128,9.903896974193882,False,
00:02:13.462,9.83750992035865,9.741064167802636,False,
00:02:13.562,9.68155889200997,9.58464629928414,False,
00:02:13.663,9.530007574952034,9.432395644351145,False,
00:02:13.765,9.383932524918208,9.284155127858533,False,
00:02:13.866,9.23846697151269,9.140443611356922,False,
00:02:13.968,9.09706102269733,9.001650397576269,False,
00:02:14.069,8.965811597725972,8.866512116424044,False,
00:02:14.170,8.833783740032864,8.735908406661013,False,
00:02:14.272,8.704869958383336,8.608310741462052,False,
00:02:14.373,8.58399465766294,8.485726002670429,False,
00:02:14.473,8.464658427114394,8.36701663467367,False,
00:02:14.574,8.350225914443884,8.251632549996566,False,
00:02:14.674,8.236420384594256,8.13945231058111,False,
00:02:14.774,8.129754135170078,8.030004590338311,False,
00:02:14.876,8.021302682691626,7.9225764376093375,False,
00:02:14.976,7.915529779850785,7.81854510602908,False,
00:02:15.076,7.814272524602517,7.717824121438907,False,
00:02:15.177,7.719520249592899,7.619535285634656,False,
00:02:15.277,7.620760717472783,7.523722268487189,False,
00:02:15.378,7.529855538553701,7.430075944906278,False,
00:02:15.478,7.434831929820386,7.3383705011888996,False,
00:02:15.579,7.3482072467558215,7.248778635914686,False,
00:02:15.680,7.260964058944996,7.161977131600984,False,
00:02:15.781,7.174691817847456,7.076776503790374,False,
00:02:15.882,7.090008617231944,6.993146190845589,False,
00:02:15.983,7.010113525103145,6.91183424928732,False,
00:02:16.083,6.929997623485102,6.8330940086466425,False,
00:02:16.184,6.854655258457069,6.75527866873641,False,
00:02:16.285,6.777175748238351,6.67934191646008,False,
00:02:16.386,6.703195576585519,6.605032216226635,False,
00:02:16.488,6.630863733631351,6.532070194575084,False,
00:02:16.589,6.56054269358237,6.460831378695246,False,
00:02:16.689,6.489219709423662,6.391811272058075,False,
00:02:16.790,6.421440931891237,6.323986745920685,False,
00:02:16.890,6.354015376114877,6.257757039677779,False,
00:02:16.991,6.2890185638913785,6.192582899212585,False,
00:02:17.092,6.227978053351636,6.128601141511695,False,
00:02:17.193,6.161972334767064,6.066049486930014,False,
00:02:17.294,6.104231480742919,6.0050803248941556,False,
00:02:17.394,6.042709447914617,5.945568958498003,False,
00:02:17.495,5.986021070504922,5.88638459149583,False,
00:02:17.597,5.927697450128956,5.82830170007372,False,
00:02:17.698,5.8699477764407675,5.771694692049518,False,
00:02:17.798,5.815482204147252,5.716581812715193,False,
00:02:17.899,5.758605516716099,5.661994007774846,False,
