time,song_bpm,walking_bpm,step_event
00:00:06.129,120.0,120.0,True
00:00:06.465,120.0,179.1,True
00:00:06.467,123.37653160095215,179.1,False
00:00:06.515,123.85505199432373,349.85,True
00:00:06.568,124.38313722610474,349.85,False
00:00:06.668,125.38931131362915,349.85,False
00:00:06.769,126.39243841171265,236.9373240563773,False
00:00:06.869,127.3973536491394,169.62423043066227,False
00:00:06.970,128.30364153135315,132.09130456690798,False
00:00:07.006,128.2709306788781,221.4,True
00:00:07.070,128.89641705277947,221.4,False
00:00:07.170,129.91284790757683,221.4,False
00:00:07.271,130.91482344392327,221.4,False
00:00:07.371,131.91739741090325,164.54284217938735,False
00:00:07.429,132.49740416399885,125.39,True
00:00:07.471,132.31455032323396,125.39,False
00:00:07.571,131.89337332455696,125.39,False
00:00:07.672,131.49547189208513,125.39,False
00:00:07.773,131.12378513812027,125.39,False
00:00:07.873,130.77550972483485,125.39,False
00:00:07.946,130.4201568612995,127.8,True
00:00:07.973,130.3758259995714,127.8,False
00:00:08.074,130.2192594677182,127.8,False
00:00:08.175,130.07041581045056,127.8,False
00:00:08.276,129.93150980735064,127.8,False
00:00:08.317,129.8773345066195,135.14,True
00:00:08.367,130.0394458240777,313.32,True
00:00:08.377,134.8695802619624,313.32,False
00:00:08.477,174.50925381503097,313.32,False
00:00:08.578,204.68119086674326,284.91687130421195,False
00:00:08.678,210.45321335058625,193.02586224088287,False
00:00:08.779,207.7656970718337,145.61777468144805,False
00:00:08.815,206.25724028125785,240.96,True
00:00:08.880,209.1771275216011,232.2307133789771,False
00:00:08.980,212.68581339082715,232.2307133789771,False
00:00:09.080,215.2729688244305,226.1114859795702,False
00:00:09.181,213.8108302014306,164.01244798404574,False
00:00:09.264,210.45001817362137,128.21,True
00:00:09.282,210.24658769933828,191.78453075042287,False
00:00:09.382,209.13233981124787,191.78453075042287,False
00:00:09.483,208.06673691599894,191.78453075042287,False
00:00:09.583,207.0697271003591,188.24436183024528,False
00:00:09.683,204.418095203889,143.31946979512222,False
00:00:09.784,199.74909459869093,115.46794991796148,False
00:00:09.787,199.562897477762,123.46,True
00:00:09.884,197.91865656204078,171.55961636662076,False
00:00:09.984,196.31516318159063,171.55961636662076,False
00:00:10.085,194.80740169147813,171.55961636662076,False
00:00:10.186,193.04922132375194,150.53319846702226,False
00:00:10.286,189.49267197538725,120.45334733510781,False
00:00:10.371,185.4267838230927,108.99,True
00:00:10.387,184.76396813513048,120.84069805040097,False
00:00:10.421,183.42036495861527,203.74,True
00:00:10.488,182.7564044153436,167.19104610426245,False
00:00:10.588,181.82032827938428,167.19104610426245,False
00:00:10.689,180.91705602338416,167.19104610426245,False
00:00:10.790,180.0614084871022,162.6341146279313,False
00:00:10.891,177.8265248596351,127.76326417470882,False
00:00:10.962,175.24383695240775,201.01,True
00:00:10.991,175.09446399277954,166.90486785833167,False
00:00:11.092,174.59423186441924,166.90486785833167,False
00:00:11.193,174.12477172444602,166.90486785833167,False
00:00:11.293,173.6838697166497,166.90486785833167,False
00:00:11.394,172.62113387293718,139.2459551384308,False
00:00:11.482,170.1239215447032,108.6,True
00:00:11.494,170.1230680870355,170.01490729316413,False
00:00:11.595,170.11654961598592,170.01490729316413,False
00:00:11.835,170.11480629954,169.95988362198216,False
00:00:11.935,168.84995417653136,132.4295407400235,False
00:00:12.035,165.85401223256036,108.4846953863291,False
00:00:12.134,161.87057224964772,102.48,True
00:00:12.138,161.88608240456838,167.781993437214,False
00:00:12.239,162.2703493724564,167.781993437214,False
00:00:12.339,162.61571368739,167.781993437214,False
00:00:12.439,162.93040313725203,167.781993437214,False
00:00:12.539,162.9189086891379,148.09454201357258,False
00:00:12.640,161.02784333536349,118.59835612461633,False
00:00:12.740,157.80276300591152,98.96894761680038,False
00:00:12.744,157.6659692573326,95.77,True
00:00:12.794,157.02713137652782,197.37,True
00:00:12.842,157.18919882916398,162.3961816411159,False
00:00:12.943,157.5111103540583,162.3961816411159,False
00:00:13.043,157.80857975559266,162.3961816411159,False
00:00:13.144,158.0876280141854,162.3961816411159,False
00:00:13.245,157.56373095419684,133.14616764281067,False
00:00:13.280,156.91360454431094,219.78,True
00:00:13.345,161.57170044729241,190.902214774165,False
00:00:13.446,166.9066450981144,190.902214774165,False
00:00:13.547,170.6292155896789,190.902214774165,False
00:00:13.648,172.34436833773603,163.28847616254473,False
00:00:13.749,170.60531878189167,128.10392545629009,False
00:00:13.849,167.2776277973682,105.51429459096049,False
00:00:13.869,166.47895415691468,106.38,True
00:00:13.919,168.92675943100886,201.34,True
00:00:13.950,169.6049174290728,185.59048878471816,False
00:00:14.050,171.47436961997104,185.59048878471816,False
00:00:14.151,173.02587758656406,185.59048878471816,False
00:00:14.251,174.24871003980905,180.9824294935966,False
00:00:14.352,173.2155765547881,138.54956322393423,False
00:00:14.429,171.04425059099066,214.29,True
00:00:14.452,172.28085214510656,198.45763243760516,False
00:00:14.553,176.63778585311067,198.45763243760516,False
00:00:14.653,179.82061090536845,198.45763243760516,False
00:00:14.753,181.98156010930427,185.08773452381828,False
00:00:14.855,180.6698053082205,141.03383692505304,False
00:00:14.955,177.37414472608705,114.15577841122496,False
00:00:14.997,175.660318176463,107.14,True
00:00:15.056,174.72551111085076,150.22670112146488,False
00:00:15.157,173.22283622555423,150.22670112146488,False
00:00:15.257,171.8404066520536,150.22670112146488,False
00:00:15.357,170.51617621152317,150.22670112146488,False
00:00:15.458,168.86111410168112,130.0066899722224,False
00:00:15.545,166.22155460718605,107.53,True
00:00:15.559,165.65587952643344,99.42576178256051,False
00:00:15.659,161.6293820089297,99.42576178256051,False
00:00:15.759,157.85741204725605,99.42576178256051,False
00:00:15.860,154.29295242172705,99.42576178256051,False
00:00:15.961,150.94301317030047,99.42576178256051,False
00:00:16.062,147.82906362318604,99.42576178256051,False
00:00:16.090,146.95305750199128,109.79,True
00:00:16.163,144.7199331067729,97.05981918680665,False
00:00:16.263,141.84982508941837,97.05981918680665,False
00:00:16.363,139.10176821859267,97.05981918680665,False
00:00:16.464,136.5648356777083,97.05981918680665,False
00:00:16.564,134.14720084612532,97.05981918680665,False
00:00:16.617,132.96357882987928,112.04,True
00:00:16.665,132.8562925780186,129.39568070412219,False
00:00:16.765,132.64631351518028,129.39568070412219,False
00:00:16.866,132.44650408031464,129.39568070412219,False
00:00:16.967,132.26005684906045,129.39568070412219,False
00:00:17.069,132.08401214645465,129.39568070412219,False
00:00:17.158,131.47341748106516,112.36,True
00:00:17.169,131.39571546649856,120.30923250080443,False
00:00:17.269,130.72164671867452,120.30923250080443,False
00:00:17.369,130.09043100726225,120.30923250080443,False
00:00:17.470,129.4931110726384,120.30923250080443,False
00:00:17.571,128.93290866368318,120.30923250080443,False
00:00:17.636,128.58562121286084,117.65,True
00:00:17.671,128.23408238981364,112.28983302752093,False
00:00:17.771,127.27411916500465,112.28983302752093,False
00:00:17.872,126.35044630381663,112.28983302752093,False
00:00:17.973,125.49476767548279,112.28983302752093,False
00:00:18.074,124.68674692429992,112.28983302752093,False
00:00:18.097,124.50633143409179,127.66,True
00:00:18.174,124.43382706592332,122.95605736070539,False
00:00:18.275,124.34341717046891,122.95605736070539,False
00:00:18.375,124.25909409485261,122.95605736070539,False
00:00:18.475,124.18002058270947,122.95605736070539,False
00:00:18.569,124.111001561035,128.76,True
00:00:18.576,124.01667262393302,105.19990547618448,False
00:00:18.676,122.87086025882745,105.19990547618448,False
00:00:18.777,121.79838625483065,105.19990547618448,False
00:00:18.877,120.79083187813924,105.19990547618448,False
00:00:18.977,119.84030170215642,105.19990547618448,False
00:00:19.049,119.19975818391944,126.32,True
00:00:19.078,119.35088410597182,126.16451694785391,False
00:00:19.179,119.82879702802481,126.16451694785391,False
00:00:19.280,120.25966549310559,126.16451694785391,False
00:00:19.381,120.64075430970225,126.16451694785391,False
00:00:19.482,120.99266500769708,126.16451694785391,False
00:00:19.548,121.15821793179511,122.45,True
00:00:19.582,121.29634632865938,127.20759874510384,False
00:00:19.682,121.68168267830937,127.20759874510384,False
00:00:19.783,122.02934331897866,127.20759874510384,False
00:00:19.884,122.3470946240434,127.20759874510384,False
00:00:19.985,122.64471512991572,127.20759874510384,False
00:00:20.071,122.68039264011438,117.3,True
00:00:20.085,122.66518202954133,121.00828745395656,False
00:00:20.185,122.56513478072183,121.00828745395656,False
00:00:20.287,122.46879921251005,121.00828745395656,False
00:00:20.387,122.38007774596012,121.00828745395656,False
00:00:20.487,122.29657815063992,121.00828745395656,False
00:00:20.588,122.18556581995065,116.20346414895351,False
00:00:20.590,122.17560986886429,115.16,True
00:00:20.688,122.05822804374081,120.18581620762887,False
00:00:20.789,121.9428675696437,120.18581620762887,False
00:00:20.890,121.8352644171919,120.18581620762887,False
00:00:20.990,121.73601824177024,120.18581620762887,False
00:00:21.091,121.64059354191788,119.86043015935462,False
00:00:21.095,121.63446084612539,117.19,True
00:00:21.191,121.3867713599405,117.39452003919943,False
00:00:21.291,121.14474943182942,117.39452003919943,False
00:00:21.392,120.91802875909408,117.39452003919943,False
00:00:21.492,120.70143671976174,117.39452003919943,False
00:00:21.593,120.49964174281757,117.39452003919943,False
00:00:21.694,119.81902849624996,100.21637107156923,False
00:00:21.794,118.1622797545746,85.85446532654161,False
00:00:21.895,115.83332321952801,75.0188517259882,False
00:00:21.995,113.07721717752959,66.64427344098819,False
00:00:22.095,110.04880678596578,59.979722202757955,False
00:00:22.140,108.61805927469867,77.42,True
00:00:22.196,108.93578423816562,116.22063874687129,False
00:00:22.296,109.46884000759572,116.22063874687129,False
00:00:22.396,109.937931430374,116.22063874687129,False
00:00:22.496,110.35815745512679,116.22063874687129,False
00:00:22.597,110.73779966097871,116.22063874687129,False
00:00:22.619,110.81809336009529,78.69,True
00:00:22.697,109.3357488860307,79.77053422603458,False
00:00:22.798,107.53835110658544,79.77053422603458,False
00:00:22.898,105.85498644439728,79.77053422603458,False
00:00:22.998,104.2668682340978,79.77053422603458,False
00:00:23.098,102.78033631202275,79.77053422603458,False
00:00:23.135,102.26589815492798,120.72,True
00:00:23.199,102.91253492909036,112.96744029249103,False
00:00:23.300,103.79368937115142,112.96744029249103,False
00:00:23.400,104.55229435549722,112.96744029249103,False
00:00:23.501,105.22191771753148,112.96744029249103,False
00:00:23.602,105.80460376131646,112.96744029249103,False
00:00:23.684,106.1980458769899,112.78,True
00:00:23.703,106.27304064638777,112.02749558101938,False
00:00:23.803,106.63689425460697,112.02749558101938,False
00:00:23.905,106.9802028764495,112.02749558101938,False
00:00:24.005,107.28712390645127,112.02749558101938,False
00:00:24.106,107.57736265279158,112.02749558101938,False
00:00:24.206,107.84818882186053,112.02749558101938,False
00:00:24.307,107.65960726578157,96.42798599895394,False
00:00:24.331,107.45429721555864,100.25,True
00:00:24.407,107.39062210232805,106.08482372767953,False
00:00:24.508,107.311590611046,106.08482372767953,False
00:00:24.609,107.23595069525123,106.08482372767953,False
00:00:24.709,107.16583749532387,106.08482372767953,False
00:00:24.810,107.09979218885096,106.08482372767953,False
00:00:24.911,107.02535483213197,103.48534125605255,False
00:00:24.935,106.93915521540482,95.85,True
00:00:25.011,107.05201256640231,109.36844756901988,False
00:00:25.112,107.19214763217036,109.36844756901988,False
00:00:25.213,107.32499168746325,109.36844756901988,False
00:00:25.314,107.45124485246,109.36844756901988,False
00:00:25.414,107.56748606010152,109.36844756901988,False
00:00:25.491,107.64931370317413,103.45,True
00:00:25.514,107.61187012204627,104.96729522897412,False
00:00:25.614,107.45125578456087,104.96729522897412,False
00:00:25.715,107.29929421521189,104.96729522897412,False
00:00:25.815,107.15775231572506,104.96729522897412,False
00:00:25.916,107.02385092540771,104.96729522897412,False
00:00:26.016,106.9000701233061,104.96729522897412,False
00:00:26.088,106.77961469288392,104.17,True
00:00:26.116,106.72416419580787,103.69395630849044,False
00:00:26.217,106.53986396724194,103.69395630849044,False
00:00:26.318,106.3649600414858,103.69395630849044,False
00:00:26.418,106.20299786488295,103.69395630849044,False
00:00:26.519,106.0504994097963,103.69395630849044,False
00:00:26.619,105.90755761139916,103.69395630849044,False
00:00:26.620,105.90617256159844,106.48,True
00:00:26.719,105.44065509303414,98.20961774732946,False
00:00:26.820,104.9994740097228,98.20961774732946,False
00:00:26.921,104.58481837501705,98.20961774732946,False
00:00:27.022,104.1961162582048,98.20961774732946,False
00:00:27.122,103.8299749795747,98.20961774732946,False
00:00:27.161,103.700981655041,111.84,True
00:00:27.223,103.82193201386883,106.84971977811597,False
00:00:27.325,104.00980235226308,106.84971977811597,False
00:00:27.425,104.18246443381466,106.84971977811597,False
00:00:27.525,104.34413807658936,106.84971977811597,False
00:00:27.626,104.49688023566401,106.84971977811597,False
00:00:27.726,104.63864602770212,106.18025200581916,False
00:00:27.750,104.62793490664266,106.1,True
00:00:27.826,104.89392487319589,110.17974373984879,False
00:00:27.927,105.21958458343639,110.17974373984879,False
00:00:28.028,105.52296879673595,110.17974373984879,False
00:00:28.128,105.80967942193944,110.17974373984879,False
00:00:28.229,106.07653139482365,110.17974373984879,False
00:00:28.329,106.25077229268162,103.58066617906665,False
00:00:28.350,106.19006045205943,100.93,True
00:00:28.430,105.80243251921227,98.17787553872749,False
00:00:28.530,105.336415258088,98.17787553872749,False
00:00:28.632,104.89673581534866,98.17787553872749,False
00:00:28.732,104.48879570316085,98.17787553872749,False
00:00:28.832,104.10557785389604,98.17787553872749,False
00:00:28.933,103.74500459503625,98.17787553872749,False
00:00:28.940,103.72400731237187,100.84,True
00:00:29.033,103.46829207956281,99.2538026472399,False
00:00:29.133,103.21279287120157,99.2538026472399,False
00:00:29.233,102.97204253829833,99.2538026472399,False
00:00:29.334,102.7457627925344,99.2538026472399,False
00:00:29.435,102.53133535127289,99.2538026472399,False
00:00:29.515,102.37393806306991,103.0,True
00:00:29.536,102.39342170471885,103.79627020682753,False
00:00:29.636,102.47893259054572,103.79627020682753,False
00:00:29.737,102.55918900955555,103.79627020682753,False
00:00:29.838,102.63465473906813,103.79627020682753,False
00:00:29.938,102.70540126709083,103.79627020682753,False
00:00:30.039,102.77202219500023,103.79627020682753,False
00:00:30.107,102.80250913955302,102.74,True
00:00:30.139,102.79652643716548,102.4970012667689,False
00:00:30.240,102.77826566855153,102.4970012667689,False
00:00:30.340,102.76115845752754,102.4970012667689,False
00:00:30.441,102.74499929918191,102.4970012667689,False
00:00:30.541,102.7299473386279,102.4970012667689,False
00:00:30.641,102.71580260217628,102.4970012667689,False
00:00:30.693,102.70886512499503,101.87,True
00:00:31.224,102.70886512499503,107.53,True
00:00:31.228,102.71841309312593,105.75412578167804,False
00:00:31.273,102.80368105141255,217.0,True
00:00:31.329,117.55646091016764,217.00100362178287,False
00:00:31.429,139.60574413188382,217.00100362178287,False
00:00:31.530,156.890642613038,217.00100362178287,False
00:00:31.631,164.52362413106505,168.00591222587693,False
00:00:31.731,163.4990206052793,131.57025381013202,False
00:00:31.832,160.76430489817847,107.62108525885306,False
00:00:31.853,159.98799714123334,190.48,True
00:00:31.904,165.5050742116694,195.12,True
00:00:31.932,166.55782731210354,187.91903023770251,False
00:00:32.032,169.63570718551458,187.91903023770251,False
00:00:32.134,172.020538599841,187.91903023770251,False
00:00:32.218,173.6210908422077,328.77,True
00:00:32.235,176.97284856778253,256.9364027258601,False
00:00:32.335,194.7390651407026,256.9364027258601,False
00:00:32.436,208.65236400695724,256.9364027258601,False
00:00:32.537,212.26802565641182,188.40488092288044,False
00:00:32.542,212.17870093219986,175.95,True
00:00:32.637,211.9698080622431,208.5514752177894,False
00:00:32.738,211.7627285689168,208.5514752177894,False
00:00:32.839,211.54548783087998,202.36805897872813,False
00:00:32.856,211.39198636089057,188.38,True
00:00:32.939,211.59719059434968,215.3911304138608,False
00:00:33.040,211.82732583021172,215.3911304138608,False
00:00:33.141,212.0361887764976,211.05858791206026,False
00:00:33.146,212.0275698654307,199.67,True
00:00:33.242,212.81606732332324,221.61870783129535,False
00:00:33.343,213.53363120999407,221.61870783129535,False
00:00:33.441,213.9593929614797,204.78,True
00:00:33.445,213.93569013893614,203.16128356977825,False
00:00:33.546,213.27676288023574,203.16128356977825,False
00:00:33.647,212.65988767916406,203.16128356977825,False
00:00:33.692,212.3942666660494,218.58,True
00:00:33.747,211.8405284777944,196.1335779600409,False
00:00:33.848,210.88024527663163,196.1335779600409,False
00:00:33.949,209.97939651572702,196.1335779600409,False
00:00:33.965,209.84547334378752,229.45,True
00:00:34.050,209.36587060522763,200.5928927780329,False
00:00:34.151,208.82856940633465,200.5928927780329,False
00:00:34.231,208.43342528204943,223.46,True
00:00:34.251,208.6686997432576,219.55147136338414,False
00:00:34.352,209.67291964697867,219.55147136338414,False
00:00:34.452,210.52958498585224,219.55147136338414,False
00:00:34.518,210.95166614867236,217.0,True
00:00:34.552,211.08080965959346,216.64703716550497,False
00:00:34.652,211.43198322403077,216.64703716550497,False
00:00:34.753,211.75051778635364,216.64703716550497,False
00:00:34.801,211.88517005653355,209.79,True
00:00:34.853,212.36342287311913,221.9435782525644,False
00:00:34.955,213.18680549751508,221.9435782525644,False
00:00:35.055,213.89357921687935,221.9435782525644,False
00:00:35.122,213.6533604282492,198.68,True
00:00:35.157,213.56441930033398,209.528516317654,False
00:00:35.257,213.31860013033972,209.528516317654,False
00:00:35.358,213.08759772700813,209.528516317654,False
00:00:35.432,212.8155116302831,190.48,True
00:00:35.458,212.6405027090452,202.45827703471568,False
00:00:35.558,212.02075006860352,202.45827703471568,False
00:00:35.659,211.43637554262682,202.45827703471568,False
00:00:35.704,211.1904469053185,206.19,True
00:00:35.759,210.69793509569732,196.82854554633508,False
00:00:35.860,209.85101179721775,196.82854554633508,False
00:00:35.955,209.104635762667,229.45,True
00:00:35.961,209.15583038750827,218.07604290419178,False
00:00:36.062,209.88308419798955,218.07604290419178,False
00:00:36.162,210.5191075334594,218.07604290419178,False
00:00:36.245,210.91323000096492,221.4,True
00:00:36.263,211.09642761508874,221.71048655642966,False
00:00:36.364,212.06332555238856,221.71048655642966,False
00:00:36.467,212.9061993886292,221.71048655642966,False
00:00:36.522,213.29175907031134,211.64,True
00:00:36.568,213.40414246551282,217.27713359403916,False
00:00:36.668,213.63996914072467,217.27713359403916,False
00:00:36.769,213.86135668700751,217.27713359403916,False
00:00:36.839,213.6371361706206,202.36,True
00:00:36.869,213.5668934696349,209.88784187470236,False
00:00:36.970,213.34202411535372,209.88784187470236,False
00:00:37.070,213.13117455178283,209.88784187470236,False
00:00:37.123,213.02795984240146,199.67,True
00:00:37.171,212.79957184975444,205.30569032854382,False
00:00:37.272,212.3372904971779,205.30569032854382,False
00:00:37.372,211.91073244021885,205.30569032854382,False
00:00:37.413,211.74225082720523,208.7,True
00:00:37.473,211.5968493264279,207.7662940364025,False
00:00:37.573,211.3645455249764,207.7662940364025,False
00:00:37.674,211.14416520018193,207.7662940364025,False
00:00:37.690,211.11152528376005,211.64,True
00:00:37.774,211.17398343778953,212.3261342558866,False
00:00:37.875,211.2444752533322,212.3261342558866,False
00:00:37.975,211.30722242406853,210.1644264615616,False
00:00:37.992,211.2295885094972,207.61,True
00:00:38.076,211.01600442504736,207.04874778344484,False
00:00:38.177,210.77337247775966,207.04874778344484,False
00:00:38.272,210.5599916772191,206.19,True
00:00:38.278,210.5480336758332,207.64380293824567,False
00:00:38.378,210.37138911045201,207.64380293824567,False
00:00:38.478,210.20543567628994,207.64380293824567,False
00:00:38.551,210.09090781024517,214.29,True
00:00:38.578,210.1344896855647,212.70323422466163,False
00:00:38.679,210.2907686428068,212.70323422466163,False
00:00:38.779,210.43769048119464,212.70323422466163,False
00:00:38.835,210.5145601170589,213.14,True
00:00:39.121,210.51421861424282,209.97276659368825,False
00:00:39.140,210.42310029849,203.74,True
00:00:39.221,210.40352356611416,210.027169019336,False
00:00:39.323,210.3805745303629,210.027169019336,False
00:00:39.423,210.35884418924607,210.027169019336,False
00:00:39.425,210.35884418924607,203.39,True
00:00:39.525,212.29350695983277,226.4912511129072,False
00:00:39.625,213.8242948447607,226.4912511129072,False
00:00:39.726,214.63962067902048,199.0400202473979,False
00:00:39.731,214.60222122920433,203.39,True
00:00:39.827,213.9944287493826,204.28313911855315,False
00:00:39.927,213.40502374114266,204.28313911855315,False
00:00:40.011,212.94586786385605,205.13,True
00:00:40.028,212.85749645644137,205.13329664791743,False
00:00:40.129,212.38483592710273,205.13329664791743,False
00:00:40.230,211.94187730253523,205.13329664791743,False
00:00:40.316,211.54886344600996,205.13,True
00:00:40.330,211.4623389510378,201.98404588104094,False
00:00:40.431,210.88434915036785,201.98404588104094,False
00:00:40.532,210.3403250669768,201.98404588104094,False
00:00:40.577,210.10670113310195,211.27,True
00:00:40.632,210.1174685143113,210.425323575827,False
00:00:40.733,210.13621686869828,210.425323575827,False
00:00:40.833,210.15382047395897,210.425323575827,False
00:00:40.861,210.15853148458064,220.18,True
00:00:40.935,211.00284469455485,221.87708781208096,False
00:00:41.035,212.00361470615437,221.87708781208096,False
00:00:41.133,212.83805057332384,215.83,True
00:00:41.138,212.87035409290144,221.06599839417765,False
00:00:41.238,213.50548719935895,221.06599839417765,False
00:00:41.338,214.0642475615247,221.06599839417765,False
00:00:41.414,214.41549285840642,217.0,True
00:00:41.439,214.38155764186973,212.20756971446815,False
00:00:41.463,214.3489442329486,412.37,True
00:00:41.539,237.52859614277304,347.8254396262512,False
00:00:41.639,261.96437882864984,340.0428603471526,False
00:00:41.738,265.08068911960214,370.37,True
00:00:41.741,265.7295125091446,343.84660917898424,False
00:00:41.842,283.05567594148965,343.84660917898424,False
00:00:41.943,294.37688456804364,293.032357677569,False
00:00:42.033,291.5095191665833,197.37,True
00:00:42.044,291.1264940300731,235.1782135881505,False
00:00:42.083,289.75770908595024,396.04,True
00:00:42.144,295.82522596897076,332.8484065551258,False
00:00:42.245,303.65158496706425,332.8484065551258,False
00:00:42.345,303.38363437022866,229.09157445801338,False
00:00:42.354,302.96297345177084,373.83,True
00:00:42.446,308.9874049353705,335.9918663182646,False
00:00:42.547,313.1827035896187,311.034010545024,False
00:00:42.647,309.3650734978237,205.27543447796572,False
00:00:42.726,303.15143046902125,175.18,True
00:00:42.748,302.2050929979515,234.49965352694085,False
00:00:42.849,298.0711998120174,234.49965352694085,False
00:00:42.949,294.20497866261314,234.49965352694085,False
00:00:43.049,289.4409500327173,185.2497311335234,False
00:00:43.093,286.3021713211218,162.16,True
00:00:43.150,282.4754967911982,175.9441981379161,False
00:00:43.250,276.0141739645323,175.9441981379161,False
00:00:43.351,269.8954744714485,175.9441981379161,False
00:00:43.451,264.15660869506746,167.86179820023892,False
00:00:43.459,263.6570185350336,163.71,True
00:00:43.551,258.69217748185855,174.38306683251312,False
00:00:43.652,253.49375891244483,174.38306683251312,False
00:00:43.753,248.66177714416463,174.38306683251312,False
00:00:43.853,243.7854398929087,152.17871176306252,False
00:00:43.853,243.7854398929087,158.1,True
00:00:43.954,237.85432754856987,146.66512642051077,False
00:00:44.055,232.29286325346428,146.66512642051077,False
00:00:44.155,227.08065515562654,146.66512642051077,False
00:00:44.256,222.18096628824262,146.66512642051077,False
00:00:44.303,219.82202395385244,142.18,True
00:00:44.353,217.16855233878684,260.3,True
00:00:44.356,217.12420634522414,197.60627500397763,False
00:00:44.457,215.93726085620858,197.60627500397763,False
00:00:44.557,214.82052630974724,197.60627500397763,False
00:00:44.658,213.76514441283274,196.35044344176663,False
00:00:44.758,211.07169363067646,147.90462477005448,False
00:00:44.859,206.26475319352178,118.61523777652613,False
00:00:44.960,200.25217267502308,98.884210832388,False
00:00:44.963,200.12517654067574,182.09,True
00:00:45.060,199.09302602436756,182.81593012478234,False
00:00:45.160,198.10205330757717,182.81593012478234,False
00:00:45.261,197.17041665872836,182.81593012478234,False
00:00:45.362,195.52191135799083,150.23726741298285,False
00:00:45.463,191.73802578121595,119.93571865664956,False
00:00:45.564,186.69184648372652,99.83367813470063,False
00:00:45.569,186.38007156604272,95.54,True
00:00:45.665,186.2056947805587,183.36704185937458,False
00:00:45.765,186.03350849254667,183.36704185937458,False
00:00:45.865,185.8712527520988,183.36704185937458,False
00:00:45.966,184.97621432309003,151.23065209435427,False
00:00:46.066,181.91528544440934,120.75638574751825,False
00:00:46.167,177.49508062990617,100.3477624956088,False
00:00:46.234,174.13687750346205,94.41,True
00:00:46.268,172.4044711913413,92.17384409850969,False
00:00:46.369,167.50124109952554,92.17384409850969,False
00:00:46.469,162.93387225837185,92.17384409850969,False
00:00:46.570,158.60646508562306,92.17384409850969,False
00:00:46.670,154.55487384005394,92.17384409850969,False
00:00:46.771,150.74815917198984,92.17384409850969,False
00:00:46.871,147.18700642670953,92.17384409850969,False
00:00:46.943,144.6174594992872,87.4,True
00:00:46.972,145.20327749307435,160.79716849709874,False
00:00:47.072,147.01711446241603,160.79716849709874,False
00:00:47.173,148.4809673042707,160.79716849709874,False
00:00:47.274,149.72307079627132,160.79716849709874,False
00:00:47.374,150.17274952555996,139.32103908556573,False
00:00:47.475,148.63360964134017,112.92556714464948,False
00:00:47.576,145.83777975260836,94.8163509050869,False
00:00:47.677,142.30733785954672,81.82118600258151,False
00:00:47.777,138.31082849109737,71.97243487372847,False
00:00:47.811,136.87038680390307,75.95,True
00:00:47.877,134.5961744047693,80.55886295286344,False
00:00:47.978,131.30707790032005,80.55886295286344,False
00:00:48.078,128.22638422555582,80.55886295286344,False
00:00:48.179,125.31642509398384,80.55886295286344,False
00:00:48.279,122.5964898390124,80.55886295286344,False
00:00:48.379,120.04092463824564,80.55886295286344,False
00:00:48.480,117.64213127556691,80.55886295286344,False
00:00:48.581,115.34629660886897,77.98220334886419,False
00:00:48.671,113.06767018346542,69.44,True
00:00:48.681,112.72929115008674,61.09486091019996,False
00:00:48.782,109.57373120842902,61.09486091019996,False
00:00:48.884,106.59472048109447,61.09486091019996,False
00:00:48.984,103.83237330409563,61.09486091019996,False
00:00:49.084,101.23516355585927,61.09486091019996,False
00:00:49.185,98.7826934868237,61.09486091019996,False
00:00:49.285,96.49610491710867,61.09486091019996,False
00:00:49.386,94.32929596913009,61.09486091019996,False
00:00:49.486,92.3084971415273,61.09486091019996,False
00:00:49.587,90.4037525135909,61.09486091019996,False
00:00:49.687,88.60059599700556,59.02813296833179,False
00:00:49.787,86.65644474181485,53.7801380094414,False
00:00:49.888,84.48616068746945,49.28760830824967,False
00:00:49.888,84.48616068746945,57.89,True
00:00:49.989,82.92646039711775,58.87899779267008,False
00:00:50.089,81.46670763450756,58.87899779267008,False
00:00:50.189,80.09173885827485,58.87899779267008,False
00:00:50.290,78.7941243658146,58.87899779267008,False
00:00:50.390,77.58628515857357,58.87899779267008,False
00:00:50.492,76.43894284568184,58.87899779267008,False
00:00:50.592,75.36441172859074,58.87899779267008,False
00:00:50.693,74.36209872858764,58.87899779267008,False
00:00:50.793,73.43131816491795,58.87899779267008,False
00:00:50.894,72.54334855080828,58.87899779267008,False
00:00:50.995,71.56527097542673,54.203268200361805,False
00:00:51.096,70.36248714313008,49.68799959089941,False
00:00:51.196,68.98391733836677,45.87587141249307,False
00:00:51.296,67.47654552013897,42.61025985565983,False
00:00:51.397,65.86770231089764,39.764709340000124,False
00:00:51.498,64.19812226758921,37.28007328668378,False
00:00:51.599,62.47235705232025,35.08908347637842,False
00:00:51.635,61.87544656230055,40.49,True
00:00:51.700,61.45095271127365,51.43914275697344,False
00:00:51.801,60.842212534775115,51.43914275697344,False
00:00:51.901,60.26858014324073,51.43914275697344,False
00:00:52.002,59.731847436913725,51.43914275697344,False
00:00:52.102,59.229074474518,51.43914275697344,False
00:00:52.202,58.75434870922455,51.43914275697344,False
00:00:52.303,58.30810438896075,51.43914275697344,False
00:00:52.403,57.88975268709554,51.43914275697344,False
00:00:52.505,57.493328279493895,51.43914275697344,False
00:00:52.605,57.125133932436256,51.43914275697344,False
00:00:52.705,56.78038377308965,51.43914275697344,False
00:00:52.805,56.455489498577,51.25268958342795,False
00:00:52.906,56.01360846474923,47.22975807106959,False
00:00:53.006,55.363653587925796,43.746458591112905,False
00:00:53.107,54.55819001936283,40.74989001209422,False
00:00:53.208,53.63006288900048,38.13483788640661,False
00:00:53.309,52.61102301509251,35.83959312961901,False
00:00:53.409,51.52760530704574,33.8138427848204,False
00:00:53.510,50.38364779689524,31.98963551949772,False
00:00:53.527,50.188800195946335,32.96,True
00:00:53.610,49.99850524141206,46.43250038712414,False
00:00:53.711,49.7822301320556,46.43250038712414,False
00:00:53.811,49.57911651960073,46.43250038712414,False
00:00:53.911,49.387780724387824,46.43250038712414,False
00:00:54.011,49.21037434666641,46.43250038712414,False
00:00:54.091,49.07352627660087,48.86,True
00:00:54.111,49.047957459913285,47.0879774819391,False
00:00:54.212,48.92843956370652,47.0879774819391,False
00:00:54.313,48.81726942721102,47.0879774819391,False
00:00:54.413,48.71102843734472,47.0879774819391,False
00:00:54.515,48.61130482509484,47.0879774819391,False
00:00:54.541,48.585956741160615,118.81,True
00:00:54.615,60.544581223116374,119.59186256646862,False
00:00:54.716,73.74903336499291,119.59186256646862,False
00:00:54.817,83.92946466927118,119.59186256646862,False
00:00:54.917,91.26233365177116,119.59186256646862,False
00:00:54.998,95.37529644447059,132.45,True
00:00:55.017,96.53230725604212,123.8674030562911,False
00:00:55.118,101.22395947519905,123.8674030562911,False
00:00:55.219,104.63408956481209,123.8674030562911,False
00:00:55.319,107.21018343782902,123.8674030562911,False
00:00:55.403,108.90933375471992,138.73,True
00:00:55.420,109.43509662856995,128.2524846493457,False
00:00:55.520,111.89088723393547,128.2524846493457,False
00:00:55.621,113.8741990851865,128.2524846493457,False
00:00:55.721,115.46076051054177,128.2524846493457,False
00:00:55.812,116.64508247661738,147.42,True
00:00:55.823,116.77130550025834,127.93987757669197,False
00:00:55.923,117.814586690141,127.93987757669197,False
00:00:56.023,118.70480630519818,127.93987757669197,False
00:00:56.124,119.47272875477034,127.93987757669197,False
00:00:56.224,120.14098176549291,127.93987757669197,False
00:00:56.225,120.14098176549291,145.99,True
00:00:56.325,120.34342115293958,123.4744803744351,False
00:00:56.426,120.53680480102945,123.4744803744351,False
00:00:56.527,120.71706958572813,123.4744803744351,False
00:00:56.588,120.8197689461651,154.24,True
00:00:56.628,120.53668692457211,109.36383167249981,False
00:00:56.639,120.46696057167972,319.15,True
00:00:56.729,149.6508666320225,264.1136495175873,False
00:00:56.830,175.24674611638812,264.1136495175873,False
00:00:56.930,189.87262257411805,206.79559091559005,False
00:00:56.957,190.0502194597244,326.09,True
00:00:57.031,208.9892886130459,302.0704604940199,False
00:00:57.132,229.76504416360444,302.0704604940199,False
00:00:57.233,237.4391552166168,217.72927010955755,False
00:00:57.333,234.24881608060892,159.56114355277424,False
00:00:57.344,233.70194579243443,161.29,True
00:00:57.433,231.9446012010468,201.21179785375574,False
00:00:57.535,230.08240102021878,201.21179785375574,False
00:00:57.635,228.2982870282139,201.21179785375574,False
00:00:57.676,227.43126838591283,167.83,True
00:00:57.735,226.20122913241485,194.43012700718438,False
00:00:57.836,224.2585908364103,194.43012700718438,False
00:00:57.937,222.43744317092165,194.43012700718438,False
00:00:58.000,221.3080927219025,182.93,True
00:00:58.038,221.13114210718481,213.75624975820935,False
00:00:58.050,221.07541187277155,353.98,True
00:00:58.138,229.5891024887643,264.106847879703,False
00:00:58.239,236.49874142480743,264.106847879703,False
00:00:58.299,238.95260728829396,402.68,True
00:00:58.339,244.6551695803147,298.18357564014116,False
00:00:58.440,256.65956849487884,298.18357564014116,False
00:00:58.541,263.12563906963106,248.00781300044642,False
00:00:58.586,262.10023143560534,208.7,True
00:00:58.641,262.00950813572217,259.4087994940224,False
00:00:58.743,261.849855994919,259.4087994940224,False
00:00:58.843,261.48741248085975,234.00251615368808,False
00:00:58.858,261.1574737354311,213.9,True
00:00:58.943,259.01371904630895,219.68786278866082,False
00:00:59.044,256.6109070664037,219.68786278866082,False
00:00:59.113,255.04670889661463,227.7,True
00:00:59.145,255.10490655182232,258.0340173582852,False
00:00:59.245,255.28303852033486,258.0340173582852,False
00:00:59.324,255.41340421108552,258.62,True
00:00:59.346,255.12973747888742,235.71307095547772,False
00:00:59.446,253.94864589891108,235.71307095547772,False
00:00:59.546,252.84173883352585,235.71307095547772,False
00:00:59.568,252.6215637051179,264.9,True
00:00:59.646,251.9592720948722,238.96491582230612,False
00:00:59.747,251.16453994406376,238.96491582230612,False
00:00:59.805,250.73076277642198,248.45,True
00:00:59.847,251.04065041975085,259.51746104983624,False
00:00:59.948,251.71551318087688,259.51746104983624,False
00:01:00.049,252.23549593077038,246.064216110934,False
00:01:00.056,252.19114572892772,244.9,True
00:01:00.150,251.75711094259165,244.57533207729725,False
00:01:00.250,251.32160529539513,244.57533207729725,False
00:01:00.292,251.14566571836428,246.91,True
00:01:00.351,250.97110187902894,246.26398823077454,False
00:01:00.451,250.68557761524826,246.26398823077454,False
00:01:00.525,250.48686371464512,256.41,True
00:01:00.551,250.39613499014095,244.98480160338565,False
00:01:00.651,250.0678859620471,244.98480160338565,False
00:01:00.751,249.7594029350064,244.98480160338565,False
00:01:00.760,249.73236768021357,256.41,True
00:01:00.851,248.80851178553303,233.04858786004235,False
00:01:00.952,247.8505911340858,233.04858786004235,False
00:01:01.000,247.4093612094657,252.1,True
00:01:01.053,247.65822986048343,254.0883254657827,False
00:01:01.153,248.09363219139027,254.0883254657827,False
00:01:01.236,248.42171156104658,252.1,True
00:01:01.253,248.4504910961342,251.14432327882824,False
00:01:01.353,248.6144122646507,251.14432327882824,False
00:01:01.454,248.76860460833456,251.14432327882824,False
00:01:01.490,248.7421194406456,244.9,True
00:01:01.555,248.85775902675604,251.66807922077692,False
00:01:01.655,249.02824599492342,251.66807922077692,False
00:01:01.755,248.9691795626896,226.6486902719425,False
00:01:01.763,248.83745207691763,227.7,True
00:01:01.855,247.5861638570969,226.47450617758972,False
00:01:01.955,246.30294024979275,226.47450617758972,False
00:01:02.017,245.549446142897,227.7,True
00:01:02.056,245.16135716798985,229.19506787232658,False
00:01:02.156,244.1925513691808,229.19506787232658,False
00:01:02.230,243.51262276500242,256.96,True
00:01:02.257,243.8337620578004,255.29039119957895,False
00:01:02.357,244.91947661209676,255.29039119957895,False
00:01:02.458,245.85026084909398,255.29039119957895,False
00:01:02.493,245.83936604392798,252.63,True
00:01:02.558,246.03137465505924,250.58118379144256,False
00:01:02.659,246.31086804101182,250.58118379144256,False
00:01:02.739,246.50265086487258,235.76,True
00:01:02.759,246.47418349337224,244.28306266517,False
00:01:02.860,246.3404460615176,244.28306266517,False
00:01:02.961,246.2148071709066,244.28306266517,False
00:01:03.000,246.08294823167404,236.22,True
00:01:03.061,245.8652516123683,240.0988758102957,False
00:01:03.161,245.51019912256908,240.0988758102957,False
00:01:03.247,245.22778209304295,236.22,True
00:01:03.262,245.15279697949916,237.2944020810184,False
00:01:03.363,244.67276229400287,237.2944020810184,False
00:01:03.464,244.22182707883275,237.2944020810184,False
00:01:03.483,244.1391196739702,248.45,True
00:01:03.565,243.98757115960075,241.0832558331229,False
00:01:03.665,243.81109577828897,241.0832558331229,False
00:01:03.741,243.66447048575282,242.91,True
00:01:03.766,243.67573800913794,244.37215898606803,False
00:01:03.867,243.71834785586876,244.37215898606803,False
00:01:03.967,243.75799417058,244.37215898606803,False
00:01:04.002,243.69920273540245,231.21,True
00:01:04.068,243.44146895618752,237.31447133371287,False
00:01:04.169,243.0668088022722,237.31447133371287,False
00:01:04.253,242.770915949074,234.37,True
00:01:04.269,242.72409219949816,238.07266406966207,False
00:01:04.370,242.44051517719203,238.07266406966207,False
00:01:04.471,242.1726707891436,238.07266406966207,False
00:01:04.496,242.1096517613877,242.91,True
00:01:04.571,241.809426442807,235.57682262810084,False
00:01:04.671,241.43437587794358,235.57682262810084,False
00:01:04.732,241.21199355459245,250.52,True
00:01:04.772,241.38358920804862,247.47874880211077,False
00:01:04.872,241.78683970006418,247.47874880211077,False
00:01:04.973,242.15049733078172,247.47874880211077,False
00:01:04.997,242.07231834394528,239.52,True
00:01:05.074,242.25313946222514,245.93211671024463,False
00:01:05.174,242.476197811923,245.93211671024463,False
00:01:05.255,242.5824676006462,229.45,True
00:01:05.275,242.46934771772794,232.63443575110617,False
00:01:05.375,241.86664862167527,232.63443575110617,False
00:01:05.476,241.3076090878063,232.63443575110617,False
00:01:05.527,240.97034491884827,225.99,True
00:01:05.576,240.6702448347617,231.022092151728,False
00:01:05.676,240.0854356259018,231.022092151728,False
00:01:05.772,239.56621612104774,232.56,True
00:01:05.777,239.53836590973825,232.30800536320092,False
00:01:05.878,239.0943801106784,232.30800536320092,False
00:01:05.979,238.68108263475813,232.30800536320092,False
00:01:06.029,238.4834350584946,239.52,True
00:01:06.079,238.34224425608926,233.9053668334067,False
00:01:06.180,238.07133380496043,233.9053668334067,False
00:01:06.279,237.8204718084371,235.76,True
00:01:06.283,237.80622674288233,231.36949558206643,False
00:01:06.384,237.41102347994422,231.36949558206643,False
00:01:06.485,237.0427894687753,231.36949558206643,False
00:01:06.524,236.910731481274,242.91,True
00:01:06.586,236.88607490030793,236.27448520690615,False
00:01:06.686,236.84896407923063,236.27448520690615,False
00:01:06.766,236.82073300383496,246.91,True
00:01:06.786,236.78395716929228,233.77803757138298,False
00:01:06.886,236.60152508476918,233.77803757138298,False
00:01:06.986,236.43005194687296,233.77803757138298,False
00:01:07.046,236.18500350155378,229.45,True
00:01:07.087,236.13225730759027,234.09805616248423,False
00:01:07.188,236.0092138837955,234.09805616248423,False
00:01:07.286,235.89437470480763,230.77,True
00:01:07.290,235.8932828448296,235.41841833733238,False
00:01:07.390,235.86431413163962,235.41841833733238,False
00:01:07.491,235.83716909641686,235.41841833733238,False
00:01:07.545,235.8195619535492,240.96,True
00:01:07.591,235.95051762092362,240.3358319300491,False
00:01:07.691,236.21668548006082,240.3358319300491,False
00:01:07.792,236.46708325805588,240.3358319300491,False
00:01:07.810,236.43624653379297,229.45,True
00:01:07.892,236.28944359135002,233.5178224837964,False
00:01:07.993,236.12104133981836,233.5178224837964,False
00:01:08.079,235.94610333022527,224.72,True
00:01:08.094,235.88835812565776,229.89841684329141,False
00:01:08.195,235.5261369033956,229.89841684329141,False
00:01:08.295,235.1798146335406,229.89841684329141,False
00:01:08.330,235.06643426245452,230.77,True
00:01:08.395,234.930504851066,231.6718345015516,False
00:01:08.495,234.7334557155554,231.6718345015516,False
00:01:08.596,234.5352150043274,226.1228634043383,False
00:01:08.609,234.40097692052097,225.99,True
00:01:08.697,234.12364633157028,229.1844633025955,False
00:01:08.797,233.82718019270186,229.1844633025955,False
00:01:08.868,233.62314672614332,223.05,True
00:01:08.897,233.44381548416268,223.82232515904445,False
00:01:08.998,232.85700809390184,223.82232515904445,False
00:01:09.098,232.30729909342455,223.82232515904445,False
00:01:09.126,232.1652971877529,232.56,True
00:01:09.199,231.99616452037105,228.33204435058212,False
00:01:09.299,231.77149006410008,228.33204435058212,False
00:01:09.361,231.63927412935723,242.91,True
00:01:09.400,231.7686493776311,236.9689086122786,False
00:01:09.501,232.08835083080237,236.9689086122786,False
00:01:09.601,232.38511190688968,236.9689086122786,False
00:01:09.645,232.25608429902906,230.77,True
00:01:09.702,232.423739616148,237.04713586255275,False
00:01:09.802,232.7057409002673,237.04713586255275,False
00:01:09.889,232.93318679792756,227.7,True
00:01:09.903,232.8639266955288,224.6867772207544,False
00:01:10.004,232.3592666873851,224.6867772207544,False
00:01:10.105,231.89032469389466,224.6867772207544,False
00:01:10.146,231.70500621118225,239.52,True
00:01:10.205,231.8646484663168,236.16257371372373,False
00:01:10.305,232.12629965243892,236.16257371372373,False
00:01:10.406,232.36237382916818,231.4860800153062,False
00:01:10.422,232.27632361265242,224.72,True
00:01:10.506,232.10158370183663,228.8564619936081,False
00:01:10.607,231.90391583317543,228.8564619936081,False
00:01:10.702,231.63639416179043,215.83,True
00:01:10.707,231.60097375464946,218.14667572555854,False
00:01:10.807,230.78502986775058,218.14667572555854,False
00:01:10.908,230.01215705004535,218.14667572555854,False
00:01:10.953,229.6779483265527,225.99,True
00:01:11.008,229.02328429976612,210.3511329043934,False
00:01:11.109,227.88433756503534,210.3511329043934,False
00:01:11.210,226.82802382767446,210.3511329043934,False
00:01:11.310,224.81184484032553,168.2229976336582,False
00:01:11.410,220.1361784023949,131.29513334380252,False
00:01:11.469,216.68614365701558,156.45,True
00:01:11.511,215.33573197494144,163.00576256468088,False
00:01:11.612,212.1210103352945,163.00576256468088,False
00:01:11.712,209.1005268861845,163.00576256468088,False
00:01:11.813,206.28593926235564,163.00576256468088,False
00:01:11.914,202.94347081437957,135.1022695793902,False
00:01:12.015,197.9605942801478,110.08017020859651,False
00:01:12.115,192.07192489094794,93.0013946980778,False
00:01:12.161,189.1164803923011,99.34,True
00:01:12.212,187.32880235831934,171.43,True
00:01:12.216,187.27133502446864,167.65243760408833,False
00:01:12.317,186.07454957233625,167.65243760408833,False
00:01:12.417,184.956152361964,167.65243760408833,False
00:01:12.517,183.90452455892043,167.65243760408833,False
00:01:12.618,182.5921878814436,147.75708391728693,False
00:01:12.719,179.50201271006168,118.49331722398058,False
00:01:12.732,178.9732603227356,210.16,True
00:01:12.819,182.35854464691192,203.32736158659392,False
00:01:12.919,185.33556854148375,203.32736158659392,False
00:01:13.019,187.63142703524122,203.32736158659392,False
00:01:13.120,187.2142836715562,154.95662711138039,False
00:01:13.220,184.1776788842427,122.99272331135518,False
00:01:13.321,179.7647597088899,102.00449186078231,False
00:01:13.421,174.56681436425143,87.1748379359725,False
00:01:13.440,173.51135344652405,94.41,True
00:01:13.521,172.82331907891538,159.59717764221153,False
00:01:13.622,172.0222851229789,159.59717764221153,False
00:01:13.722,171.26709207373378,159.59717764221153,False
00:01:13.822,170.545803683509,156.8834057514759,False
00:01:13.924,168.59685987915466,124.00390650022321,False
00:01:14.024,165.1844244011025,102.70947414389467,False
00:01:14.115,161.32990294520906,86.83,True
00:01:14.125,161.11346733949486,121.4751381454632,False
00:01:14.226,158.65398528242204,121.4751381454632,False
00:01:14.326,156.39419621291916,121.4751381454632,False
00:01:14.427,154.26588654247854,121.4751381454632,False
00:01:14.527,152.2712426463046,121.4751381454632,False
00:01:14.627,150.3947204843141,117.27365504360397,False
00:01:14.728,147.71285443318664,97.8563834958063,False
00:01:14.822,144.45690687420532,86.83,True
00:01:14.828,144.45791009676225,144.71529081643118,False
00:01:14.929,144.47355815445817,144.71529081643118,False
00:01:15.029,144.48823715018747,144.71529081643118,False
00:01:15.129,144.50204436731838,144.71529081643118,False
00:01:15.230,144.5150428736999,144.71529081643118,False
00:01:15.330,143.7102204059867,118.1683264785583,False
00:01:15.432,141.47842900847962,98.43893054972617,False
00:01:15.532,138.41525727544678,84.54897212444637,False
00:01:15.632,134.83427973843163,74.15505781930862,False
00:01:15.732,130.87129187568198,65.95415622066362,False
00:01:15.828,126.8776903976239,70.01,True
00:01:15.833,126.73272984588891,75.03810676922691,False
00:01:15.934,123.57221469684112,75.03810676922691,False
00:01:15.980,122.21188655241706,103.72,True
00:01:16.035,121.12634278594338,90.3203830574418,False
00:01:16.135,119.2560640397163,90.3203830574418,False
00:01:16.236,117.48465610209121,90.3203830574418,False
00:01:16.337,115.82542966477587,90.3203830574418,False
00:01:16.437,114.27319348613675,90.3203830574418,False
00:01:16.538,112.82634591441585,90.3203830574418,False
00:01:16.638,111.44234892438058,90.3203830574418,False
00:01:16.739,109.8122183556506,79.08894032461073,False
00:01:16.742,109.75426748593527,131.29,True
00:01:16.839,109.82604365995913,110.96719299436658,False
00:01:16.940,109.89541349230683,110.96719299436658,False
00:01:17.041,109.960977398155,110.96719299436658,False
00:01:17.141,110.02236731215616,110.96719299436658,False
00:01:17.242,110.07981404162783,110.96719299436658,False
00:01:17.342,109.92227167888586,100.00255909157018,False
00:01:17.442,108.8568932837474,85.71568121554583,False
00:01:17.542,107.09754595892191,74.9486083513216,False
00:01:17.643,104.87107107976381,66.59295505857024,False
00:01:17.743,102.32507643929713,59.91035523665779,False
00:01:17.844,99.57640244413248,54.46222665629325,False
00:01:17.937,96.91685898235181,61.32,True
00:01:17.944,96.96943974187828,104.75733119412325,False
00:01:18.045,97.55685849656972,104.75733119412325,False
00:01:18.145,98.0744021510148,104.75733119412325,False
00:01:18.246,98.53733759928664,104.75733119412325,False
00:01:18.346,98.95536881942583,104.75733119412325,False
00:01:18.447,99.32975321617388,104.75733119412325,False
00:01:18.547,99.5891309942106,98.37501446356589,False
00:01:18.648,99.05667847033155,84.39891594626147,False
00:01:18.748,97.83117537852425,73.98248819964299,False
00:01:18.848,96.12224691588553,65.85021183108881,False
00:01:18.949,94.0692078291006,59.310246655614954,False
00:01:19.049,91.78316235091307,53.95588647701574,False
00:01:19.135,89.7210600381564,50.17,True
00:01:19.150,89.56103838945651,73.45178243885091,False
00:01:19.183,89.22863802694334,99.59,True
00:01:19.250,89.50837478147866,95.42180735147761,False
00:01:19.350,89.89286831961331,95.42180735147761,False
00:01:19.451,90.24185687363304,95.42180735147761,False
00:01:19.551,90.55752975752304,95.42180735147761,False
00:01:19.652,90.85472561023734,95.42180735147761,False
00:01:19.688,90.95289733954652,217.0,True
00:01:19.753,110.12509801406307,216.62504028673317,False
00:01:19.853,133.8148545966021,216.62504028673317,False
00:01:19.955,152.0921168207856,216.62504028673317,False
00:01:20.055,159.75978579876875,163.37476482984002,False
00:01:20.157,158.784599318687,127.98691540018949,False
00:01:20.192,158.0004475802969,114.18,True
00:01:20.257,157.52484891965253,145.953620245153,False
00:01:20.357,156.8191470099215,145.953620245153,False
00:01:20.459,156.15137691007618,145.953620245153,False
00:01:20.560,155.52474727606906,145.953620245153,False
00:01:20.653,154.73243338620338,124.22,True
00:01:20.661,154.68668242072675,145.810365256645,False
00:01:20.762,154.14509496877298,145.810365256645,False
00:01:20.863,153.63586100686567,145.810365256645,False
00:01:20.965,153.15240873413927,145.810365256645,False
00:01:20.974,153.1110521711626,153.65,True
00:01:21.065,153.09649304515804,152.84805927570218,False
00:01:21.165,153.08143504416824,152.84805927570218,False
00:01:21.265,153.06719317724213,152.84805927570218,False
00:01:21.360,153.054610677228,169.73,True
00:01:21.366,153.00343953367286,138.5506416560367,False
00:01:21.466,152.12458759507106,138.5506416560367,False
00:01:21.567,151.29559719676044,138.5506416560367,False
00:01:21.667,150.5264694346157,138.5506416560367,False
00:01:21.737,150.01217744958802,157.27,True
00:01:21.768,150.03832368217155,151.3546928606316,False
00:01:21.868,150.11818869755666,151.3546928606316,False
00:01:21.969,150.1934473010988,151.3546928606316,False
00:01:22.069,150.26421067684856,151.3546928606316,False
00:01:22.135,150.30733716467282,155.04,True
00:01:22.169,150.29196751643588,149.5896018937235,False
00:01:22.185,150.285084277026,293.4,True
00:01:22.270,171.44264579711648,261.2842373840894,False
00:01:22.371,191.66486878019546,261.2842373840894,False
00:01:22.472,202.85718783368213,210.18777217443886,False
00:01:22.547,202.06112594349588,290.56,True
00:01:22.573,206.47370501341413,273.8091470681125,False
00:01:22.673,221.4790109567608,273.8091470681125,False
00:01:22.774,233.0354398522522,264.45411690033984,False
00:01:22.875,232.51117650102384,183.25714435515113,False
00:01:22.941,229.82976609071036,151.32,True
00:01:22.976,229.43247735519765,211.66509582732243,False
00:01:23.078,228.338900886655,211.66509582732243,False
00:01:23.178,227.32497524004683,211.66509582732243,False
00:01:23.279,225.76789671655325,177.7934272632154,False
00:01:23.294,225.27905619567872,162.16,True
00:01:23.379,223.21400789775018,185.08787658718492,False
00:01:23.479,220.87980430197646,185.08787658718492,False
00:01:23.580,218.70003517523295,185.08787658718492,False
00:01:23.680,216.03247714732683,155.21390631591672,False
00:01:23.698,215.34892942668688,158.94,True
00:01:23.781,213.33426749476814,175.91950240419527,False
00:01:23.882,211.0450458324172,175.91950240419527,False
00:01:23.983,208.89579949547198,175.91950240419527,False
00:01:24.084,206.59150382253108,155.68643001949343,False
00:01:24.173,202.97833450431696,135.59,True
00:01:24.185,202.76597476727602,174.75677480227023,False
00:01:24.285,201.06002898123762,174.75677480227023,False
00:01:24.385,199.46195414545792,174.75677480227023,False
00:01:24.486,197.96195923952146,174.75677480227023,False
00:01:24.586,195.90348253271216,145.5887110397349,False
00:01:24.686,191.83216385681965,116.77128796392621,False
00:01:24.787,186.63817436596457,97.68397387053814,False
00:01:24.809,185.36405908988226,107.53,True
00:01:24.888,182.98780759073657,135.68381002818992,False
00:01:24.988,180.11788477228777,135.68381002818992,False
00:01:25.089,177.40768573319306,135.68381002818992,False
00:01:25.189,174.86933642331772,135.68381002818992,False
00:01:25.290,172.34684605871055,124.95071646326326,False
00:01:25.390,168.7640898134474,103.40174649343349,False
00:01:25.446,166.3165879763176,94.19,True
00:01:25.490,165.78995990431935,146.34960405552755,False
00:01:25.590,164.59896861120438,146.34960405552755,False
00:01:25.691,163.48224797475572,146.34960405552755,False
00:01:25.792,162.43897338301431,146.34960405552755,False
00:01:25.892,161.3187330439846,134.53408040560444,False
00:01:25.992,158.87954807919263,109.87087048148192,False
00:01:26.093,155.33459417054456,92.7924886451376,False
00:01:26.194,151.1154108610714,80.2990671382241,False
00:01:26.198,150.9586966565499,86.46,True
00:01:26.294,147.5133639555024,92.624497733872,False
00:01:26.394,144.18675437037433,92.624497733872,False
00:01:26.495,141.0559756293019,92.624497733872,False
00:01:26.595,138.116776534144,92.624497733872,False
00:01:26.695,135.35849997366543,92.624497733872,False
00:01:26.795,132.77786469710796,92.624497733872,False
00:01:26.895,130.22357349091251,86.0732588905823,False
00:01:26.996,127.1993752728878,75.2753119717777,False
00:01:27.097,123.72223949549634,66.75759443907418,False
00:01:27.133,122.4189657688379,71.13,True
00:01:27.197,120.57392528280687,75.34887249237737,False
00:01:27.297,117.82947470040074,75.34887249237737,False
00:01:27.397,115.25242557793355,75.34887249237737,False
00:01:27.498,112.8238695741484,75.34887249237737,False
00:01:27.598,110.54216174739067,75.34887249237737,False
00:01:27.699,108.40008790644916,75.34887249237737,False
00:01:27.799,106.39523488733715,75.34887249237737,False
00:01:27.900,104.48807150949537,75.34887249237737,False
00:01:28.001,102.5621122875724,69.12370004180522,False
00:01:28.102,100.28585384329989,61.92644614371928,False
00:01:28.203,97.7502920104415,56.08081791300616,False
00:01:28.245,96.63551653547196,58.59,True
00:01:28.304,95.23527215910431,57.58235448612048,False
00:01:28.405,92.93206954716047,57.58235448612048,False
00:01:28.505,90.78883934699522,57.58235448612048,False
00:01:28.606,88.75519105908403,57.58235448612048,False
00:01:28.707,86.8496127848481,57.58235448612048,False
00:01:28.807,85.06882003409501,57.58235448612048,False
00:01:28.907,83.40075740462414,57.58235448612048,False
00:01:29.007,81.83481642004057,57.58235448612048,False
00:01:29.108,80.37175042052431,57.58235448612048,False
00:01:29.208,78.97580215416085,57.58235448612048,False
00:01:29.308,77.66901800875476,56.45261287517102,False
00:01:29.409,76.21988865425895,51.57264044707804,False
00:01:29.509,74.59429341619196,47.48580472831046,False
00:01:29.586,73.26484617543169,48.94,True
00:01:29.610,73.0059541908887,55.95513926926485,False
00:01:29.636,72.71882164248939,88.82,True
00:01:29.711,73.4247112979631,83.1613698515563,False
00:01:29.811,74.25947237013426,83.1613698515563,False
00:01:29.911,74.98593150425214,83.1613698515563,False
00:01:30.011,75.61763649606632,83.1613698515563,False
00:01:30.111,76.16919447795654,83.1613698515563,False
00:01:30.212,76.66827384741192,83.1613698515563,False
00:01:30.314,77.12045974372687,83.1613698515563,False
00:01:30.414,77.39478748280638,77.13430830276975,False
00:01:30.515,77.09297459289463,68.2950302982277,False
00:01:30.616,76.3230267854891,61.22773587659968,False
00:01:30.717,75.22136020169754,55.53318608822834,False
00:01:30.817,73.87830265182953,50.828363095514604,False
00:01:30.917,72.35930472718017,46.86736253683712,False
00:01:31.018,70.68302269514177,43.42726072776978,False
00:01:31.118,68.92857301538884,40.48112489606592,False
00:01:31.219,67.11546106968107,37.91175084185736,False
00:01:31.251,66.53659957137356,72.07,True
00:01:31.319,67.25525023587497,77.55257413207644,False
00:01:31.420,68.17546165023691,77.55257413207644,False
00:01:31.521,68.96812200551946,77.55257413207644,False
00:01:31.621,69.6501983801837,77.55257413207644,False
00:01:31.670,69.95065434432362,57.86,True
00:01:31.722,70.04600296060957,72.94562833382263,False
00:01:31.823,70.22324825498532,72.94562833382263,False
00:01:31.923,70.38887541494911,72.94562833382263,False
00:01:32.023,70.54402849065576,72.94562833382263,False
00:01:32.061,70.59991615222198,148.15,True
00:01:32.124,81.27962681828629,144.0000842867645,False
00:01:32.225,95.28976986892972,144.0000842867645,False
00:01:32.325,106.07767064553397,144.0000842867645,False
00:01:32.425,114.14047423097345,144.0000842867645,False
00:01:32.470,116.84168799282217,150.19,True
00:01:32.525,119.99126373071705,146.35109737325644,False
00:01:32.626,124.40249708359781,146.35109737325644,False
00:01:32.726,127.61403056472881,146.35109737325644,False
00:01:32.826,130.0725726844889,146.35109737325644,False
00:01:32.875,131.08079877373638,147.42,True
00:01:32.927,132.45417116152188,150.03292507432894,False
00:01:33.028,134.6795599210775,150.03292507432894,False
00:01:33.128,136.4417797212478,150.03292507432894,False
00:01:33.228,137.88238194971098,150.03292507432894,False
00:01:33.233,137.9410832215611,157.27,True
00:01:33.329,139.99102060868802,155.0911412141351,False
00:01:33.430,141.70136854615666,155.0911412141351,False
00:01:33.531,143.1288276452786,155.0911412141351,False
00:01:33.628,144.2355033641212,159.57,True
00:01:33.632,144.25626060308736,151.15669104484215,False
00:01:33.733,144.74532905069117,151.15669104484215,False
00:01:33.833,145.17923143685422,151.15669104484215,False
00:01:33.933,145.56998754633045,151.15669104484215,False
00:01:34.035,145.9115329845269,148.1608055821796,False
00:01:34.050,145.90098658926757,146.88,True
00:01:34.135,145.50982620532028,138.3303135355904,False
00:01:34.236,145.07154586930673,138.3303135355904,False
00:01:34.336,144.66257282511262,138.3303135355904,False
00:01:34.437,144.27609547639062,138.3303135355904,False
00:01:34.458,144.19618622365851,144.23,True
00:01:34.538,144.64361455062158,151.7401167988844,False
00:01:34.638,145.15237513271265,151.7401167988844,False
00:01:34.739,145.60624765760144,151.7401167988844,False
00:01:34.839,146.01169810044783,151.7401167988844,False
00:01:34.897,146.00809151833886,141.68,True
00:01:34.939,146.11985572050196,150.3032076560334,False
00:01:35.039,146.3743511180446,150.3032076560334,False
00:01:35.140,146.61475768399526,150.3032076560334,False
00:01:35.241,146.83917046309108,150.3032076560334,False
00:01:35.306,146.96482521310702,141.68,True
00:01:35.341,146.92590085914296,145.16414605990988,False
00:01:35.356,146.90933020443043,285.71,True
00:01:35.442,168.66892652155272,259.89526436279465,False
00:01:35.542,188.99306161954388,259.89526436279465,False
00:01:35.642,200.64280516695158,210.3610082954671,False
00:01:35.743,199.33607914253767,155.02354075356283,False
00:01:35.748,199.21913031304715,271.49,True
00:01:35.844,213.73767826624888,267.42203362628646,False
00:01:35.945,225.64812472222835,267.42203362628646,False
00:01:36.045,229.4944826365695,202.3731037943413,False
00:01:36.091,228.33838237845575,155.04,True
00:01:36.146,227.61092464995346,207.11440023501171,False
00:01:36.246,226.36393169084099,207.11440023501171,False
00:01:36.347,225.1861756613244,207.11440023501171,False
00:01:36.448,223.2177930199808,168.25617693565155,False
00:01:36.525,219.8556364218105,154.44,True
00:01:36.549,219.2594735078413,177.38694873402784,False
00:01:36.649,216.68742560486004,177.38694873402784,False
00:01:36.749,214.29853985420073,177.38694873402784,False
00:01:36.850,212.04182461720015,177.38694873402784,False
00:01:36.950,208.87751520441407,141.02459009503508,False
00:01:36.957,208.61539167790897,138.73,True
00:01:37.051,206.11191750804582,164.9429290343415,False
00:01:37.152,203.59367216012257,164.9429290343415,False
00:01:37.252,201.2431502150366,164.9429290343415,False
00:01:37.353,198.88748353645101,151.52759379771774,False
00:01:37.442,195.48181131241782,130.72,True
00:01:37.453,195.2808665919616,166.16782670009474,False
00:01:37.555,193.49463467119764,166.16782670009474,False
00:01:37.655,191.83707772404932,166.16782670009474,False
00:01:37.755,190.2734963103696,166.16782670009474,False
00:01:37.855,188.45419682634704,145.27094901280756,False
00:01:37.910,186.69454686318778,125.79,True
00:01:37.956,185.87004769913884,157.49198320512005,False
00:01:38.057,184.14176883825175,157.49198320512005,False
00:01:38.157,182.52065113785787,157.49198320512005,False
00:01:38.257,180.99551525476494,157.49198320512005,False
00:01:38.358,179.07413003868186,134.2902805622451,False
00:01:38.381,178.34760079491974,127.8,True
00:01:38.458,177.1285759514508,152.3752069152862,False
00:01:38.559,175.6158206538396,152.3752069152862,False
00:01:38.659,174.21580316666842,152.3752069152862,False
00:01:38.759,172.8789054146274,152.3752069152862,False
00:01:38.842,171.36363546837327,128.76,True
00:01:38.860,170.84520803928513,125.54179638153654,False
00:01:38.961,168.07238999581085,125.54179638153654,False
00:01:39.062,165.4707624401374,125.54179638153654,False
00:01:39.163,163.03089033848144,125.54179638153654,False
00:01:39.263,160.75175911852506,125.54179638153654,False
00:01:39.321,159.51495735016397,127.8,True
00:01:39.363,158.80767694354972,132.98082592101625,False
00:01:39.465,157.225608556816,132.98082592101625,False
00:01:39.565,155.7562205509162,132.98082592101625,False
00:01:39.666,154.3627917992645,132.98082592101625,False
00:01:39.766,153.06059800213978,132.98082592101625,False
00:01:39.797,152.64264161236366,125.79,True
00:01:39.847,151.62977935678097,244.9,True
00:01:39.866,155.65366820118282,235.44240109463902,False
00:01:39.967,173.6275942592404,235.44240109463902,False
00:01:40.067,187.20628214077297,235.44240109463902,False
00:01:40.168,193.40060427588023,186.52501161805614,False
00:01:40.269,191.47455214442252,142.0493840400762,False
00:01:40.286,190.93405220322308,244.9,True
00:01:40.369,200.32779632170949,240.7390797985616,False
00:01:40.469,209.13493056304046,240.7390797985616,False
00:01:40.570,213.86292554356518,210.98055588391378,False
00:01:40.671,211.80663597231717,155.87968328317143,False
00:01:40.771,207.32209288262547,123.60782557058383,False
00:01:40.776,207.10880894021352,124.35,True
00:01:40.871,207.11526440623052,207.2205728462987,False
00:01:41.066,207.12054590257674,206.98098123784803,False
00:01:41.167,205.29449046491368,153.68357670095247,False
00:01:41.244,202.23416526206606,125.26,True
00:01:41.267,201.3182919041319,140.3479735304565,False
00:01:41.368,197.6094650795604,140.3479735304565,False
00:01:41.468,194.12394932455567,140.3479735304565,False
00:01:41.569,190.88162773995325,140.3479735304565,False
00:01:41.669,187.78586595141337,140.3479735304565,False
00:01:41.745,185.0893445210833,123.84,True
00:01:41.769,184.28471457026757,130.85156616410436,False
00:01:41.870,181.0148786709261,130.85156616410436,False
00:01:41.970,177.97160606189723,130.85156616410436,False
00:01:42.070,175.1142345006637,130.85156616410436,False
00:01:42.170,172.43961253108316,130.85156616410436,False
00:01:42.253,170.12166818932766,118.93,True
00:01:42.271,169.92014525409002,151.71383967782555,False
00:01:42.371,168.82288409448972,151.71383967782555,False
00:01:42.472,167.7816075462951,151.71383967782555,False
00:01:42.573,166.79720947278008,151.71383967782555,False
00:01:42.673,165.79596478418938,142.79437715546345,False
00:01:42.684,165.64054272809997,127.8,True
00:01:42.773,164.71145046724374,148.6604765779919,False
00:01:42.873,163.7376255556356,148.6604765779919,False
00:01:42.974,162.82118523593246,148.6604765779919,False
00:01:43.074,161.9590358017444,148.6604765779919,False
00:01:43.175,160.39514668876345,122.35443750647244,False
00:01:43.196,159.86138360281137,127.25,True
00:01:43.275,157.8726542501381,119.03339474078692,False
00:01:43.376,155.53846898966484,119.03339474078692,False
00:01:43.476,153.29041502217956,119.03339474078692,False
00:01:43.577,151.2028643058417,119.03339474078692,False
00:01:43.616,150.43350687860732,128.76,True
00:01:43.666,149.80460373043795,276.5,True
00:01:43.677,152.85392407818475,252.12302383531667,False
00:01:43.777,174.85751956580944,252.12302383531667,False
00:01:43.877,192.03820789093004,252.12302383531667,False
00:01:43.977,199.22673949963155,192.53350960302598,False
00:01:44.078,197.22948023681863,145.55578626759524,False
00:01:44.124,195.55455464700574,236.22,True
00:01:44.179,203.06127667466313,255.15767984760024,False
00:01:44.280,214.6990884589462,255.15767984760024,False
00:01:44.380,222.82481137811587,233.89094802428335,False
00:01:44.481,221.24252313371832,168.05000267108286,False
00:01:44.570,217.42312809944508,127.66,True
00:01:44.581,217.35982704537457,209.01665648958328,False
00:01:44.681,216.8610035453407,209.01665648958328,False
00:01:44.782,216.38079011050056,209.01665648958328,False
00:01:44.883,215.78073664316264,191.90395431973744,False
00:01:44.983,212.73335744227944,145.11924011099399,False
00:01:45.070,208.42429529402054,126.85,True
00:01:45.085,207.8680056175698,145.25371793652062,False
00:01:45.185,204.0549817537623,145.25371793652062,False
00:01:45.286,200.45757964392527,145.25371793652062,False
00:01:45.387,197.08368063331736,145.25371793652062,False
00:01:45.487,193.92754385435956,143.9170461057031,False
00:01:45.546,191.83291265620954,123.08,True
00:01:45.588,190.51379190705876,142.12485341435973,False
00:01:45.688,187.56624342420386,142.12485341435973,False
00:01:45.789,184.78629377536828,142.12485341435973,False
00:01:45.889,182.19904507546025,142.12485341435973,False
00:01:45.990,179.69457095338558,134.96836807589088,False
00:01:46.031,178.4179656668117,124.87,True
00:01:46.091,178.0677439667973,168.70420727077334,False
00:01:46.191,177.4947016092139,168.70420727077334,False
00:01:46.292,176.95797262414771,168.70420727077334,False
00:01:46.392,176.45043195362783,166.21209329235793,False
00:01:46.488,174.75093918089752,127.25,True
00:01:46.493,174.68653795991443,155.44950227166478,False
00:01:46.593,173.52750314886632,155.44950227166478,False
00:01:46.694,172.41550332676837,155.44950227166478,False
00:01:46.794,171.3813575814433,155.44950227166478,False
00:01:46.895,170.34983200422025,147.2070418407619,False
00:01:46.986,168.3022969443304,125.79,True
00:01:46.996,167.93606894528648,115.30800365771236,False
00:01:47.097,164.71966700120373,115.30800365771236,False
00:01:47.197,161.71585195186003,115.30800365771236,False
00:01:47.298,158.88716869679934,115.30800365771236,False
00:01:47.398,156.23684440917708,115.30800365771236,False
00:01:47.435,155.30925113378612,126.72,True
00:01:47.499,154.3474309620532,130.76869921663297,False
00:01:47.600,152.89801683627218,130.76869921663297,False
00:01:47.701,151.54337322145366,130.76869921663297,False
00:01:47.801,150.29457819340072,130.76869921663297,False
00:01:47.870,149.46793472553662,135.59,True
00:01:47.903,149.06864882200458,129.88131850989328,False
00:01:48.004,147.89446033884,129.88131850989328,False
00:01:48.104,146.7926369665128,129.88131850989328,False
00:01:48.205,145.7677373885582,129.88131850989328,False
00:01:48.305,144.79639395103015,129.88131850989328,False
00:01:48.337,144.50194357807243,133.04,True
00:01:48.406,144.08056343466146,134.53189466675255,False
00:01:48.507,143.49438444945903,134.53189466675255,False
00:01:48.608,142.95425814244305,134.53189466675255,False
00:01:48.708,142.43645089236873,134.53189466675255,False
00:01:48.802,141.9631507834242,128.89,True
00:01:48.809,141.9103156724486,132.08080696546963,False
00:01:48.909,141.31315101648687,132.08080696546963,False
00:01:49.010,140.75159968707902,132.08080696546963,False
00:01:49.110,140.22359034647553,132.08080696546963,False
00:01:49.211,139.72810369980616,132.08080696546963,False
00:01:49.232,139.62541330258637,134.08,True
00:01:49.311,139.27597378010512,132.3322826820836,False
00:01:49.412,138.84922524599295,132.3322826820836,False
00:01:49.513,138.45153590603513,132.3322826820836,False
00:01:49.613,138.07925860666708,132.3322826820836,False
00:01:49.715,137.64549324893815,124.2079577356345,False
00:01:49.741,137.37944865834496,127.66,True
00:01:49.816,137.1415272255405,132.12035624698305,False
00:01:49.916,136.83407457021272,132.12035624698305,False
00:01:50.016,136.54807287352634,132.12035624698305,False
00:01:50.117,136.27866811017563,132.12035624698305,False
00:01:50.172,136.13988320219948,127.66,True
00:01:50.217,136.27115715211966,140.7415048480947,False
00:01:50.318,136.54389361098166,140.7415048480947,False
00:01:50.418,136.79933209036085,140.7415048480947,False
00:01:50.519,137.0396438623515,140.7415048480947,False
00:01:50.619,137.21871604989923,134.16070075813107,False
00:01:50.628,137.19296827156663,135.29,True
00:01:50.719,136.96041309510125,132.9943170117422,False
00:01:50.820,136.71779816963743,132.9943170117422,False
00:01:50.920,136.49212799248633,132.9943170117422,False
00:01:51.021,136.2788158954031,132.9943170117422,False
00:01:51.067,136.1863173920583,134.08,True
00:01:51.121,136.09237536888995,133.39616767278184,False
00:01:51.222,135.928338243487,133.39616767278184,False
00:01:51.322,135.7740958262116,133.39616767278184,False
00:01:51.423,135.62939173275052,133.39616767278184,False
00:01:51.524,135.48807516467295,131.42506796905437,False
00:01:51.625,134.44894071044823,107.6297844823162,False
00:01:51.636,134.2651200229407,119.28,True
00:01:51.726,133.7337703070514,124.65134795625555,False
00:01:51.827,133.18552701766956,124.65134795625555,False
00:01:51.927,132.6605997283024,124.65134795625555,False
00:01:52.028,132.17378222926848,124.65134795625555,False
00:01:52.128,131.7062582260517,122.00121003397403,False
00:01:52.228,130.43359057021917,101.30581802021139,False
00:01:52.329,128.20478165036818,86.7287596453077,False
00:01:52.430,125.32187455606834,75.72820827780163,False
00:01:52.531,121.96103595163032,67.06036594334977,False
00:01:52.632,118.42066023189268,60.32308046329677,False
00:01:52.732,114.66367150960838,54.731169255682644,False
00:01:52.833,110.85582748575501,50.12236706854201,False
00:01:52.933,107.05060537107512,46.25642886328709,False
00:01:53.033,103.25616584956886,42.94149415125798,False
00:01:53.134,99.50770056500929,40.07183235889174,False
00:01:53.235,95.78914601800486,37.53916983050423,False
00:01:53.335,92.17733907690052,35.32194197650428,False
00:01:53.435,88.66306910676266,33.35458909127924,False
00:01:53.536,85.2335426986901,31.587011805863156,False
00:01:53.636,81.92646789017893,30.004492478675033,False
00:01:53.737,78.69190504299233,28.556934239726733,False
00:01:53.838,75.59611195420821,27.252749632806538,False
00:01:53.939,72.60334412744945,26.058669590305684,False
00:01:54.039,69.74187622203964,24.97158997882669,False
00:01:54.139,66.99090487662353,23.971569972593386,False
00:01:54.239,64.37232897305822,23.056637395972526,False
00:01:54.339,61.81713755560758,22.1952906425108,False
00:01:54.440,59.371402404495875,21.39723583802742,False
00:01:54.540,57.04564996678304,20.66006097248111,False
00:01:54.642,54.7900645587236,19.96354085851283,False
00:01:54.742,52.65415806364523,19.31915582237184,False
00:01:54.842,50.61226083214265,18.715705141768034,False
00:01:54.943,48.642012841651436,18.143895231574202,False
00:01:55.043,46.77487382426484,17.61073071047822,False
00:01:55.143,44.98767555862921,17.107458376499956,False
00:01:55.245,43.259346601911396,16.6266242305772,False
00:01:55.345,41.621815668496076,16.175724904568597,False
00:01:55.446,40.058850079350265,15.74904091387381,False
00:01:55.546,38.567664720172644,15.344801303981871,False
00:01:55.647,37.14544626081662,14.961387329698288,False
00:01:55.747,35.78172051908097,14.595281711321798,False
00:01:55.848,34.48076161077363,14.247042016896161,False
00:01:55.949,33.226421954886305,13.911846722948328,False
00:01:56.050,32.03900270636794,13.594723054064062,False
00:01:56.150,30.905160087825678,13.291749012249136,False
00:01:56.251,29.823516372326612,13.002292492867316,False
00:01:56.351,28.806963011811266,12.729597056319529,False
00:01:56.451,27.810128086482063,12.461302769339158,False
00:01:56.552,26.868136338404874,12.206718039430022,False
00:01:56.652,25.967439316470475,11.962091986117107,False
00:01:56.752,25.118576423424837,11.73024845125238,False
00:01:56.853,24.282746652850104,11.50051514131598,False
00:01:56.954,23.495750829864537,11.282675591845841,False
00:01:57.055,22.745521559362817,11.073414576783025,False
00:01:57.156,22.024023420262687,10.870510861429434,False
00:01:57.256,21.345987849592035,10.67819622339014,False
00:01:57.357,20.68245949885802,10.488265384393697,False
00:01:57.458,20.062176489003125,10.308992563594755,False
00:01:57.559,19.451611389722732,10.1307400346813,False
00:01:57.659,18.880948070428847,9.962372639996541,False
00:01:57.759,18.338018193219167,9.800458069276786,False
00:01:57.860,17.807440416273998,9.640441871360531,False
00:01:57.961,17.30420324522201,9.486911186607673,False
00:01:58.062,16.8221134351233,9.33808797693655,False
00:01:58.162,16.360253934721392,9.193777253231882,False
00:01:58.264,15.916449371322704,9.053387044860052,False
00:01:58.365,15.49243670834882,8.917558954420771,False
00:01:58.465,15.088159476852756,8.786394742036022,False
00:01:58.565,14.702276972175822,8.65958041517208,False
00:01:58.666,14.33012789735998,8.53567685870785,False
00:01:58.766,13.973344243400103,8.415311184941684,False
00:01:58.866,13.632862798564295,8.29891142886417,False
00:01:58.966,13.305228180580897,8.185395196089821,False
00:01:59.067,12.990510699492672,8.074876181531648,False
00:01:59.168,12.686297883757321,7.966584808585839,False
00:01:59.186,12.636135965290583,14.78,True
00:01:59.268,38.16085020774483,148.1506676692528,False
00:01:59.369,62.656999201339666,148.1506676692528,False
00:01:59.469,81.64699807645161,148.1506676692528,False
00:01:59.569,96.41066614376656,148.1506676692528,False
00:01:59.669,104.91950053228689,124.03379286517306,False
00:01:59.770,105.69810428972434,102.62591397893311,False
00:01:59.871,105.0186256638674,87.56208214526166,False
00:01:59.972,103.5887804097988,76.34226790238095,False
00:01:59.981,103.43917649097433,14.38,True
00:02:00.072,99.95486881402309,40.742983789094694,False
00:02:00.172,96.3928768280944,40.742983789094694,False
00:02:00.273,92.93862598634291,40.742983789094694,False
00:02:00.375,89.72617697808813,40.742983789094694,False
00:02:00.476,86.73082176548019,40.742983789094694,False
00:02:00.576,83.94121454982083,40.742983789094694,False
00:02:00.677,81.31162016256563,40.742983789094694,False
00:02:00.688,81.02785184883605,79.84,True
00:02:00.777,83.98541844830085,103.37863927465038,False
00:02:00.877,86.62328525360304,103.37863927465038,False
00:02:00.978,88.67244852857469,103.37863927465038,False
00:02:01.079,90.32125603184733,103.37863927465038,False
00:02:01.178,91.65710003700727,100.25,True
00:02:01.182,91.61313628715213,71.6288785316193,False
00:02:01.282,90.39092794341731,71.6288785316193,False
00:02:01.383,89.25924111468684,71.6288785316193,False
00:02:01.483,88.18147545844138,71.6288785316193,False
00:02:01.584,87.17166510344788,71.6288785316193,False
00:02:01.685,86.22066849820924,71.6288785316193,False
00:02:01.725,85.8569847444142,115.94,True
00:02:01.786,88.08204419929571,108.75903780032507,False
00:02:01.886,90.99862365907497,108.75903780032507,False
00:02:01.987,93.25804913044495,108.75903780032507,False
00:02:02.088,95.05350263969723,108.75903780032507,False
00:02:02.188,96.51396760513428,108.75903780032507,False
00:02:02.289,97.70480272968838,106.44640124389957,False
00:02:02.389,97.7260419743353,90.37925723001405,False
00:02:02.489,96.89324044592679,78.50130888419183,False
00:02:02.590,95.49431464713805,69.45770118958806,False
00:02:02.691,93.64644519104915,62.12351028182636,False
00:02:02.791,91.54164621881513,56.27521064777545,False
00:02:02.891,89.24362252871697,51.43652513449909,False
00:02:02.993,86.79307156170245,47.32932192928048,False
00:02:03.093,84.28696177338117,43.86289707345666,False
00:02:03.193,81.72928215979206,40.86047574551893,False
00:02:03.295,79.13706835988403,38.22384114470011,False
00:02:03.395,76.5841632572246,35.933656918419636,False
00:02:03.495,74.05328265057256,33.9007439194847,False
00:02:03.595,71.56230145429218,32.08724486757958,False
00:02:03.696,69.1004579453916,30.446557062650104,False
00:02:03.796,66.72929417677851,28.986706750289397,False
00:02:03.896,64.37062909483028,27.634629993589282,False
00:02:03.996,62.09787323364178,26.413666349797015,False
00:02:04.096,59.899302848729434,25.29942266124725,False
00:02:04.197,57.754509078845174,24.268435499474627,False
00:02:04.298,55.67788403517873,23.317123529269512,False
00:02:04.399,53.668907374407546,22.436121998938187,False
00:02:04.500,51.73852007099425,21.622358393225692,False
00:02:04.601,49.863831511490005,20.85988657865047,False
00:02:04.701,48.08363509898109,20.158844732954318,False
00:02:04.802,46.36497666067776,19.50139136108513,False
00:02:04.902,44.70969680685219,18.884566137828582,False
00:02:05.002,43.12446954634482,18.307580858077646,False
00:02:05.102,41.6013751442285,17.764771490328346,False
00:02:05.202,40.13964704990653,17.253531956245133,False
00:02:05.303,38.72718131582082,16.767723232953717,False
00:02:05.404,37.375527978190995,16.309673124411738,False
00:02:05.505,36.073935582532556,15.874266552788646,False
00:02:05.605,34.834454786256785,15.464288617777518,False
00:02:05.706,33.63883355107746,15.072603970160994,False
00:02:05.806,32.50204670825732,14.703162423114005,False
00:02:05.907,31.407245778467672,14.349821278870763,False
00:02:05.939,31.063096143080166,25.2,True
00:02:06.007,36.73772845375081,68.14227462566848,False
00:02:06.108,42.69478472847987,68.14227462566848,False
00:02:06.208,46.82336116250995,68.14227462566848,False
00:02:06.309,49.90117878117852,68.14227462566848,False
00:02:06.403,52.13434775692044,25.64,True
00:02:06.409,52.1419245793989,54.14876972201771,False
00:02:06.511,52.2650005482785,54.14876972201771,False
00:02:06.611,52.37962655696846,54.14876972201771,False
00:02:06.711,52.4872667467027,54.14876972201771,False
00:02:06.812,52.5883824767552,54.14876972201771,False
00:02:06.912,52.682251625781056,54.14876972201771,False
00:02:07.013,52.772784077384884,54.14876972201771,False
00:02:07.113,52.856442393636314,54.14876972201771,False
00:02:07.179,52.908380070692274,96.7,True
00:02:07.214,53.730958535310094,70.46891157295025,False
00:02:07.314,55.736611927109344,70.46891157295025,False
00:02:07.414,57.403286573584204,70.46891157295025,False
00:02:07.514,58.73746343650412,70.46891157295025,False
00:02:07.545,59.116351327232756,105.17,True
00:02:07.615,60.89194095452385,77.81138372003856,False
00:02:07.626,61.14478982919987,269.06,True
00:02:07.715,98.49438696130946,248.13303689870892,False
00:02:07.815,131.65026064881147,248.13303689870892,False
00:02:07.915,154.99419786331308,207.38864505027763,False
00:02:07.950,158.27040202653268,295.57,True
00:02:08.016,174.68392641529206,266.2397955439457,False
00:02:08.116,195.0248613932611,266.2397955439457,False
00:02:08.217,208.45849875000354,225.09963452136253,False
00:02:08.317,207.4089551663944,163.4196412743003,False
00:02:08.327,207.14898012266346,171.67,True
00:02:08.418,207.11138436100916,206.4740272017213,False
00:02:08.518,207.07273134192425,206.4740272017213,False
00:02:08.569,207.05435471032527,194.17,True
00:02:08.618,206.8978925412122,201.99691882282974,False
00:02:08.719,206.598601017875,201.99691882282974,False
00:02:08.820,206.31759221842293,201.99691882282974,False
00:02:08.859,206.21259562324124,224.72,True
00:02:08.920,206.91808763876602,217.8738033833593,False
00:02:09.021,207.93054717913012,217.8738033833593,False
00:02:09.121,208.79445009402662,217.8738033833593,False
00:02:09.222,207.8570232965341,165.85498692118242,False
00:02:09.322,204.0627233968178,129.63333999550818,False
00:02:09.423,198.76443936041767,106.50203580873513,False
00:02:09.511,193.3826563609722,127.25,True
00:02:09.523,193.23405658037987,173.73018907821032,False
00:02:09.624,192.05936108276856,173.73018907821032,False
00:02:09.725,190.94450756351696,173.73018907821032,False
00:02:09.825,189.88384261940809,173.73018907821032,False
00:02:09.925,188.23864049870696,144.82827203918896,False
00:02:10.026,184.66318583466614,116.59934875152665,False
00:02:10.027,184.598615471117,102.74,True
00:02:10.079,182.97724668924133,211.64,True
00:02:10.126,181.87335699389016,145.33581429503514,False
00:02:10.142,181.52712173685768,1052.63,True
00:02:10.227,278.90956217461445,691.4754259834638,False
00:02:10.264,306.52476939755115,662.98,True
00:02:10.328,312.8174749233828,349.08486246175994,False
00:02:10.428,320.371223790652,349.08486246175994,False
00:02:10.529,318.60368461722254,227.57448717160355,False
00:02:10.629,310.84083535746885,164.4602592982518,False
00:02:10.729,300.7833176350695,129.06755399734743,False
00:02:10.829,289.59764844409676,106.17389081133351,False
00:02:10.930,278.02021825664957,90.27884541567805,False
00:02:11.034,265.66811137441954,77.95901221901289,False
00:02:11.136,253.7174843871574,68.80008004770056,False
00:02:11.236,242.25375431950025,61.70566881581222,False
00:02:11.337,231.07866928836677,55.92817959013865,False
00:02:11.437,220.29864543606718,51.15407248496985,False
00:02:11.537,209.88810099039142,47.12405495160884,False
00:02:11.638,199.84810115233233,43.670772203773836,False
00:02:11.739,190.2091624936018,40.68435422957123,False
00:02:11.839,181.025602289931,38.114294005233596,False
00:02:11.940,172.21256901034997,35.796709228719614,False
00:02:12.041,163.80639355589597,33.763749237942314,False
00:02:12.142,155.90863789818204,31.97384138800425,False
00:02:12.242,148.2463858094566,30.33535715112287,False
00:02:12.342,141.03867379623534,28.872153951632665,False
00:02:12.443,134.21146732478542,27.548954580688864,False
00:02:12.544,127.59474674702332,26.318731839466952,False
